Date,Days Passed,Treatment,Species,ID,Plug Moisture,Sand Moisture,Height,Leaf Height,Height Difference
03/01/2024,0,P,ES,ES-P-1,27,30.5,15.9,2.8,13.1
03/01/2024,0,NP,ES,ES-NP-1,26.6,26.3,13.4,2.1,11.3
03/01/2024,0,P,ES,ES-P-2,29.2,30.3,13.3,3,10.3
03/01/2024,0,NP,ES,ES-NP-2,27.7,29.1,14.3,2.5,11.8
03/01/2024,0,P,ES,ES-P-3,23.5,25.8,14.4,2.7,11.7
03/01/2024,0,NP,ES,ES-NP-3,28.8,30.2,11.1,2.2,8.9
03/01/2024,0,P,ES,ES-P-4,29.1,28.4,14.8,3.2,11.6
03/01/2024,0,NP,ES,ES-NP-4,27.3,29.8,17.1,3.3,13.8
03/01/2024,0,P,ES,ES-P-5,27.7,30.4,19.6,2.9,16.7
03/01/2024,0,NP,ES,ES-NP-5,24.9,26.6,20,4.7,15.3
03/01/2024,0,P,ES,ES-P-6,27,30.5,15.6,3,12.6
03/01/2024,0,NP,ES,ES-NP-6,25.4,26.6,18.5,4.2,14.3
03/01/2024,0,P,ES,ES-P-7,24.7,30.7,17.8,3.2,14.6
03/01/2024,0,NP,ES,ES-NP-7,26.3,27.7,16.1,4.2,11.9
03/01/2024,0,P,ES,ES-P-8,27,30.5,19.5,3.8,15.7
03/01/2024,0,NP,ES,ES-NP-8,25.4,24.5,16.2,4,12.2
03/01/2024,0,P,ES,ES-P-9,31.2,30.6,15.2,3.2,12
03/01/2024,0,NP,ES,ES-NP-9,26.3,23.9,19.4,4.2,15.2
03/01/2024,0,P,ES,ES-P-10,26.1,25.2,16.5,3.4,13.1
03/01/2024,0,NP,ES,ES-NP-10,30.9,28.1,15.1,3,12.1
03/01/2024,0,P,ES,ES-P-11,28.1,29.2,11.6,2.2,9.4
03/01/2024,0,NP,ES,ES-NP-11,27,25.2,14.9,2.8,12.1
03/01/2024,0,P,ES,ES-P-12,27.2,28.8,13,3.5,9.5
03/01/2024,0,NP,ES,ES-NP-12,28.1,29.7,15.5,3.5,12
03/01/2024,0,P,ES,ES-P-13,28.6,31.9,11,3,8
03/01/2024,0,NP,ES,ES-NP-13,26.3,27.4,10.9,2,8.9
03/01/2024,0,P,ES,ES-P-14,26.8,31.2,8.5,2.2,6.3
03/01/2024,0,NP,ES,ES-NP-14,27.7,27.8,13.2,2.9,10.3
03/01/2024,0,P,ES,ES-P-15,29.3,31,12.4,2.7,9.7
03/01/2024,0,NP,ES,ES-NP-15,27.5,29.2,11.5,3.5,8
03/02/2024,1,P,ES,ES-P-1,25.4,27.4,,,
03/02/2024,1,NP,ES,ES-NP-1,23.6,27.2,,,
03/02/2024,1,NP,ES,ES-NP-2,26.4,28,,,
03/02/2024,1,P,ES,ES-P-2,26.8,25.1,,,
03/02/2024,1,NP,ES,ES-NP-3,26.2,29.1,,,
03/02/2024,1,P,ES,ES-P-3,28.6,29.1,,,
03/02/2024,1,NP,ES,ES-NP-4,25.4,26,,,
03/02/2024,1,P,ES,ES-P-4,28.1,28,,,
03/02/2024,1,P,ES,ES-P-5,34.4,29.7,,,
03/02/2024,1,NP,ES,ES-NP-5,23.7,26.1,,,
03/02/2024,1,P,ES,ES-P-6,28.2,30.2,,,
03/02/2024,1,NP,ES,ES-NP-6,26.4,27.5,,,
03/02/2024,1,NP,ES,ES-NP-7,25.9,29.5,,,
03/02/2024,1,P,ES,ES-P-7,23.3,29.8,,,
03/02/2024,1,NP,ES,ES-NP-8,24.4,26.2,,,
03/02/2024,1,P,ES,ES-P-8,22.6,27.3,,,
03/02/2024,1,NP,ES,ES-NP-9,24.5,29.3,,,
03/02/2024,1,P,ES,ES-P-9,30.3,28.6,,,
03/02/2024,1,NP,ES,ES-NP-10,25.8,29.4,,,
03/02/2024,1,P,ES,ES-P-10,28.4,28.6,,,
03/02/2024,1,NP,ES,ES-NP-11,25,26.7,,,
03/02/2024,1,P,ES,ES-P-11,30.8,30.2,,,
03/02/2024,1,P,ES,ES-P-12,24.3,26.3,,,
03/02/2024,1,NP,ES,ES-NP-12,22.1,27.1,,,
03/02/2024,1,P,ES,ES-P-13,29.4,30.7,,,
03/02/2024,1,NP,ES,ES-NP-13,26.3,27.8,,,
03/02/2024,1,NP,ES,ES-NP-14,24.5,26.4,,,
03/02/2024,1,P,ES,ES-P-14,29.3,30.7,,,
03/02/2024,1,NP,ES,ES-NP-15,27.5,28.6,,,
03/02/2024,1,P,ES,ES-P-15,30.1,30.3,,,
03/03/2024,2,P,ES,ES-P-1,25.7,29.2,,,
03/03/2024,2,NP,ES,ES-NP-1,24.6,24.6,,,
03/03/2024,2,NP,ES,ES-NP-2,22.7,29.3,,,
03/03/2024,2,P,ES,ES-P-2,25.2,28.7,,,
03/03/2024,2,NP,ES,ES-NP-3,22.7,29.1,,,
03/03/2024,2,P,ES,ES-P-3,25.4,28.5,,,
03/03/2024,2,NP,ES,ES-NP-4,21.3,28.6,,,
03/03/2024,2,P,ES,ES-P-4,24.5,27.1,,,
03/03/2024,2,P,ES,ES-P-5,24.6,28.9,,,
03/03/2024,2,NP,ES,ES-NP-5,24,25.3,,,
03/03/2024,2,P,ES,ES-P-6,26.2,29.8,,,
03/03/2024,2,NP,ES,ES-NP-6,23.2,29.7,,,
03/03/2024,2,NP,ES,ES-NP-7,23.6,26.6,,,
03/03/2024,2,P,ES,ES-P-7,26,29.4,,,
03/03/2024,2,NP,ES,ES-NP-8,23.6,26.5,,,
03/03/2024,2,P,ES,ES-P-8,23.9,29.7,,,
03/03/2024,2,NP,ES,ES-NP-9,23.7,26,,,
03/03/2024,2,P,ES,ES-P-9,26.1,27.9,,,
03/03/2024,2,NP,ES,ES-NP-10,25.6,27.6,,,
03/03/2024,2,P,ES,ES-P-10,27.7,28.1,,,
03/03/2024,2,NP,ES,ES-NP-11,25.2,24.4,,,
03/03/2024,2,P,ES,ES-P-11,26.7,29.2,,,
03/03/2024,2,P,ES,ES-P-12,23.4,25.9,,,
03/03/2024,2,NP,ES,ES-NP-12,25.8,27.2,,,
03/03/2024,2,P,ES,ES-P-13,28.2,30.4,,,
03/03/2024,2,NP,ES,ES-NP-13,21.3,27.7,,,
03/03/2024,2,NP,ES,ES-NP-14,20.5,23.5,,,
03/03/2024,2,P,ES,ES-P-14,25.9,28.6,,,
03/03/2024,2,NP,ES,ES-NP-15,21.2,25.2,,,
03/03/2024,2,P,ES,ES-P-15,27.6,28,,,
03/04/2024,3,P,ES,ES-P-1,22.6,27.7,,,
03/04/2024,3,NP,ES,ES-NP-1,24.4,26.6,,,
03/04/2024,3,NP,ES,ES-NP-2,25.1,24.1,,,
03/04/2024,3,P,ES,ES-P-2,25.4,24.1,,,
03/04/2024,3,NP,ES,ES-NP-3,22.4,27.1,,,
03/04/2024,3,P,ES,ES-P-3,23.9,27.3,,,
03/04/2024,3,NP,ES,ES-NP-4,24.8,27.5,,,
03/04/2024,3,P,ES,ES-P-4,22,26.4,,,
03/04/2024,3,P,ES,ES-P-5,22.7,27.3,,,
03/04/2024,3,NP,ES,ES-NP-5,24.3,21.1,,,
03/04/2024,3,P,ES,ES-P-6,24.4,23.4,,,
03/04/2024,3,NP,ES,ES-NP-6,26.3,28,,,
03/04/2024,3,NP,ES,ES-NP-7,23.4,25,,,
03/04/2024,3,P,ES,ES-P-7,21.9,24.3,,,
03/04/2024,3,NP,ES,ES-NP-8,24.7,22.6,,,
03/04/2024,3,P,ES,ES-P-8,23.5,25.5,,,
03/04/2024,3,NP,ES,ES-NP-9,21.3,25.4,,,
03/04/2024,3,P,ES,ES-P-9,21.5,24.8,,,
03/04/2024,3,NP,ES,ES-NP-10,23.4,25.3,,,
03/04/2024,3,P,ES,ES-P-10,21.9,25.2,,,
03/04/2024,3,NP,ES,ES-NP-11,21.9,24.6,,,
03/04/2024,3,P,ES,ES-P-11,24.6,26.6,,,
03/04/2024,3,P,ES,ES-P-12,24.7,23.4,,,
03/04/2024,3,NP,ES,ES-NP-12,21,24.9,,,
03/04/2024,3,P,ES,ES-P-13,22.4,28.6,,,
03/04/2024,3,NP,ES,ES-NP-13,21.4,21,,,
03/04/2024,3,NP,ES,ES-NP-14,20.6,24.4,,,
03/04/2024,3,P,ES,ES-P-14,24.9,27.1,,,
03/04/2024,3,NP,ES,ES-NP-15,22.6,24.7,,,
03/04/2024,3,P,ES,ES-P-15,24.5,27,,,
03/05/2024,4,P,ES,ES-P-1,23.2,25.3,19.7,3.1,16.6
03/05/2024,4,NP,ES,ES-NP-1,21.1,26.1,17,4.1,12.9
03/05/2024,4,NP,ES,ES-NP-2,22,26.2,16.8,2.9,13.9
03/05/2024,4,P,ES,ES-P-2,22.2,27.2,17.1,2.8,14.3
03/05/2024,4,NP,ES,ES-NP-3,22.9,25,11.1,2.2,8.9
03/05/2024,4,P,ES,ES-P-3,20.9,26.9,18,3.2,14.8
03/05/2024,4,NP,ES,ES-NP-4,20.3,27.3,19.1,4.5,14.6
03/05/2024,4,P,ES,ES-P-4,20.1,25.2,18.1,4.8,13.3
03/05/2024,4,P,ES,ES-P-5,22.4,27,20.6,3.6,17
03/05/2024,4,NP,ES,ES-NP-5,19.5,23.4,21,4.8,16.2
03/05/2024,4,P,ES,ES-P-6,20.1,26.1,19,4.4,14.6
03/05/2024,4,NP,ES,ES-NP-6,20,27.6,22.1,6.2,15.9
03/05/2024,4,NP,ES,ES-NP-7,21.6,23.6,18.9,4.8,14.1
03/05/2024,4,P,ES,ES-P-7,20.9,23.8,20.5,4.9,15.6
03/05/2024,4,NP,ES,ES-NP-8,20.9,24.8,19.8,4.9,14.9
03/05/2024,4,P,ES,ES-P-8,18.8,26.1,20.4,4.4,16
03/05/2024,4,NP,ES,ES-NP-9,20,28.3,21,4.8,16.2
03/05/2024,4,P,ES,ES-P-9,20.4,24.3,18.1,4,14.1
03/05/2024,4,NP,ES,ES-NP-10,20.4,25.4,18.2,3.6,14.6
03/05/2024,4,P,ES,ES-P-10,21.9,25.2,21.2,3.8,17.4
03/05/2024,4,NP,ES,ES-NP-11,21.7,23.6,15.8,3.5,12.3
03/05/2024,4,P,ES,ES-P-11,22.2,27.2,13.4,2.3,11.1
03/05/2024,4,P,ES,ES-P-12,22.2,21.9,13.8,3.8,10
03/05/2024,4,NP,ES,ES-NP-12,18.9,26.2,23.8,4.1,19.7
03/05/2024,4,P,ES,ES-P-13,23.1,26.6,14.3,3.1,11.2
03/05/2024,4,NP,ES,ES-NP-13,21.6,20.6,12.8,2,10.8
03/05/2024,4,NP,ES,ES-NP-14,22.6,23.7,15.6,3.3,12.3
03/05/2024,4,P,ES,ES-P-14,18.9,25.4,11.9,2.2,9.7
03/05/2024,4,NP,ES,ES-NP-15,22.2,23.8,13.5,3.1,10.4
03/05/2024,4,P,ES,ES-P-15,20.7,23.5,16,4.3,11.7
03/06/2024,5,P,ES,ES-P-1,21.1,26.1,,,
03/06/2024,5,NP,ES,ES-NP-1,22,24.9,,,
03/06/2024,5,NP,ES,ES-NP-2,21.1,24.8,,,
03/06/2024,5,P,ES,ES-P-2,24.6,26.3,,,
03/06/2024,5,NP,ES,ES-NP-3,21.7,24.4,,,
03/06/2024,5,P,ES,ES-P-3,22.2,23.5,,,
03/06/2024,5,NP,ES,ES-NP-4,20.7,26.3,,,
03/06/2024,5,P,ES,ES-P-4,22.2,24.2,,,
03/06/2024,5,P,ES,ES-P-5,21.7,24,,,
03/06/2024,5,NP,ES,ES-NP-5,23.2,21.6,,,
03/06/2024,5,P,ES,ES-P-6,22,25.8,,,
03/06/2024,5,NP,ES,ES-NP-6,22.4,25,,,
03/06/2024,5,NP,ES,ES-NP-7,19.1,21.5,,,
03/06/2024,5,P,ES,ES-P-7,21.5,20.3,,,
03/06/2024,5,NP,ES,ES-NP-8,20.2,24.1,,,
03/06/2024,5,P,ES,ES-P-8,18,20.1,,,
03/06/2024,5,NP,ES,ES-NP-9,21.9,21.6,,,
03/06/2024,5,P,ES,ES-P-9,20.5,22.1,,,
03/06/2024,5,NP,ES,ES-NP-10,20.6,25.8,,,
03/06/2024,5,P,ES,ES-P-10,20.4,21.5,,,
03/06/2024,5,NP,ES,ES-NP-11,20.2,22.5,,,
03/06/2024,5,P,ES,ES-P-11,22,25.4,,,
03/06/2024,5,P,ES,ES-P-12,20.7,22.8,,,
03/06/2024,5,NP,ES,ES-NP-12,18.3,21.8,,,
03/06/2024,5,P,ES,ES-P-13,23.5,28.5,,,
03/06/2024,5,NP,ES,ES-NP-13,20.4,17.8,,,
03/06/2024,5,NP,ES,ES-NP-14,20.2,20.8,,,
03/06/2024,5,P,ES,ES-P-14,19.5,22.3,,,
03/06/2024,5,NP,ES,ES-NP-15,23.1,23.3,,,
03/06/2024,5,P,ES,ES-P-15,21.2,22.1,,,
03/07/2024,6,P,ES,ES-P-1,19.7,22,,,
03/07/2024,6,NP,ES,ES-NP-1,18,20.5,,,
03/07/2024,6,NP,ES,ES-NP-2,23.7,22.2,,,
03/07/2024,6,P,ES,ES-P-2,22.5,24.5,,,
03/07/2024,6,NP,ES,ES-NP-3,19,21,,,
03/07/2024,6,P,ES,ES-P-3,17.5,21.7,,,
03/07/2024,6,NP,ES,ES-NP-4,17.8,22.1,,,
03/07/2024,6,P,ES,ES-P-4,20.6,21.2,,,
03/07/2024,6,P,ES,ES-P-5,22.5,23.2,,,
03/07/2024,6,NP,ES,ES-NP-5,20.6,19.3,,,
03/07/2024,6,P,ES,ES-P-6,19.8,20.3,,,
03/07/2024,6,NP,ES,ES-NP-6,18.9,20.1,,,
03/07/2024,6,NP,ES,ES-NP-7,19.9,20.7,,,
03/07/2024,6,P,ES,ES-P-7,18.7,20.1,,,
03/07/2024,6,NP,ES,ES-NP-8,21.6,19.2,,,
03/07/2024,6,P,ES,ES-P-8,20,21.6,,,
03/07/2024,6,NP,ES,ES-NP-9,20.5,20.3,,,
03/07/2024,6,P,ES,ES-P-9,23.4,20.1,,,
03/07/2024,6,NP,ES,ES-NP-10,19,20.2,,,
03/07/2024,6,P,ES,ES-P-10,21.6,22.5,,,
03/07/2024,6,NP,ES,ES-NP-11,23.7,20.7,,,
03/07/2024,6,P,ES,ES-P-11,21.7,22.2,,,
03/07/2024,6,P,ES,ES-P-12,20.3,19.2,,,
03/07/2024,6,NP,ES,ES-NP-12,17.1,23.2,,,
03/07/2024,6,P,ES,ES-P-13,21.1,25.4,,,
03/07/2024,6,NP,ES,ES-NP-13,21.2,17.7,,,
03/07/2024,6,NP,ES,ES-NP-14,20.5,17.4,,,
03/07/2024,6,P,ES,ES-P-14,20.6,19,,,
03/07/2024,6,NP,ES,ES-NP-15,20.7,21.4,,,
03/07/2024,6,P,ES,ES-P-15,20.7,17.5,,,
03/08/2024,7,P,ES,ES-P-1,20.1,19.7,19.3,4.4,14.9
03/08/2024,7,NP,ES,ES-NP-1,18.7,19.7,19.5,4.1,15.4
03/08/2024,7,NP,ES,ES-NP-2,21.5,19.8,18.5,4.4,14.1
03/08/2024,7,P,ES,ES-P-2,21,20.6,18.5,4.4,14.1
03/08/2024,7,NP,ES,ES-NP-3,18.1,20.5,11.1,2.2,8.9
03/08/2024,7,P,ES,ES-P-3,17.7,18.9,18.9,4,14.9
03/08/2024,7,NP,ES,ES-NP-4,18.4,19.4,22.9,4.8,18.1
03/08/2024,7,P,ES,ES-P-4,20.2,23.3,20.5,5.5,15
03/08/2024,7,P,ES,ES-P-5,20.3,17.7,26.3,4.9,21.4
03/08/2024,7,NP,ES,ES-NP-5,19.8,18.6,25.3,4.9,20.4
03/08/2024,7,P,ES,ES-P-6,18.9,21.9,20.4,4.4,16
03/08/2024,7,NP,ES,ES-NP-6,21.7,20.6,25.4,6.2,19.2
03/08/2024,7,NP,ES,ES-NP-7,20.4,17.3,19.9,4.8,15.1
03/08/2024,7,P,ES,ES-P-7,18.6,18,22.9,5.4,17.5
03/08/2024,7,NP,ES,ES-NP-8,19,19.7,20.5,5.5,15
03/08/2024,7,P,ES,ES-P-8,17.5,16.1,25.9,5.2,20.7
03/08/2024,7,NP,ES,ES-NP-9,21.2,17.5,26.8,5.1,21.7
03/08/2024,7,P,ES,ES-P-9,20.2,17.3,21,4,17
03/08/2024,7,NP,ES,ES-NP-10,20.4,18.1,20.6,3.6,17
03/08/2024,7,P,ES,ES-P-10,19.6,19.3,22.8,5.8,17
03/08/2024,7,NP,ES,ES-NP-11,22.3,19.2,20.1,4,16.1
03/08/2024,7,P,ES,ES-P-11,21.3,17.2,16.8,3.3,13.5
03/08/2024,7,P,ES,ES-P-12,19,17.6,13.8,3.8,10
03/08/2024,7,NP,ES,ES-NP-12,18.1,19.5,24.8,5,19.8
03/08/2024,7,P,ES,ES-P-13,19.7,22.3,19.5,3.9,15.6
03/08/2024,7,NP,ES,ES-NP-13,20.1,17.3,17.3,3.1,14.2
03/08/2024,7,NP,ES,ES-NP-14,17.8,15.8,19.5,4,15.5
03/08/2024,7,P,ES,ES-P-14,20.3,17.7,12.4,2.4,10
03/08/2024,7,NP,ES,ES-NP-15,20.6,20.1,16,4,12
03/08/2024,7,P,ES,ES-P-15,16.7,17.8,21.4,4.8,16.6
03/09/2024,8,P,ES,ES-P-1,19.2,19.5,,,
03/09/2024,8,NP,ES,ES-NP-1,17.4,18.9,,,
03/09/2024,8,NP,ES,ES-NP-2,19.1,17.7,,,
03/09/2024,8,P,ES,ES-P-2,19.3,18.8,,,
03/09/2024,8,NP,ES,ES-NP-3,18.3,19.2,,,
03/09/2024,8,P,ES,ES-P-3,18.2,19.4,,,
03/09/2024,8,NP,ES,ES-NP-4,17.9,18.9,,,
03/09/2024,8,P,ES,ES-P-4,17,19,,,
03/09/2024,8,P,ES,ES-P-5,18.9,17.5,,,
03/09/2024,8,NP,ES,ES-NP-5,19,17.3,,,
03/09/2024,8,P,ES,ES-P-6,18.4,20.9,,,
03/09/2024,8,NP,ES,ES-NP-6,18.5,20.3,,,
03/09/2024,8,NP,ES,ES-NP-7,20.3,17.7,,,
03/09/2024,8,P,ES,ES-P-7,17.5,18.3,,,
03/09/2024,8,NP,ES,ES-NP-8,18.7,17.7,,,
03/09/2024,8,P,ES,ES-P-8,15,16.3,,,
03/09/2024,8,NP,ES,ES-NP-9,18.3,18.5,,,
03/09/2024,8,P,ES,ES-P-9,18.4,17.7,,,
03/09/2024,8,NP,ES,ES-NP-10,16.5,18.5,,,
03/09/2024,8,P,ES,ES-P-10,17.7,18.5,,,
03/09/2024,8,NP,ES,ES-NP-11,19.2,18.2,,,
03/09/2024,8,P,ES,ES-P-11,19.3,17,,,
03/09/2024,8,P,ES,ES-P-12,18.6,17.7,,,
03/09/2024,8,NP,ES,ES-NP-12,18.1,18.5,,,
03/09/2024,8,P,ES,ES-P-13,18.3,20.7,,,
03/09/2024,8,NP,ES,ES-NP-13,18.2,17.6,,,
03/09/2024,8,NP,ES,ES-NP-14,17.7,16.2,,,
03/09/2024,8,P,ES,ES-P-14,16.2,18.2,,,
03/09/2024,8,NP,ES,ES-NP-15,18.9,18.2,,,
03/09/2024,8,P,ES,ES-P-15,16.3,18.5,,,
03/10/2024,9,P,ES,ES-P-1,19,16.6,,,
03/10/2024,9,NP,ES,ES-NP-1,17.7,17,,,
03/10/2024,9,NP,ES,ES-NP-2,20,17.4,,,
03/10/2024,9,P,ES,ES-P-2,18.9,18.2,,,
03/10/2024,9,NP,ES,ES-NP-3,18.2,17.7,,,
03/10/2024,9,P,ES,ES-P-3,18.1,18.4,,,
03/10/2024,9,NP,ES,ES-NP-4,18.3,18.5,,,
03/10/2024,9,P,ES,ES-P-4,17.4,17.1,,,
03/10/2024,9,P,ES,ES-P-5,16.8,17.4,,,
03/10/2024,9,NP,ES,ES-NP-5,18.5,16.2,,,
03/10/2024,9,P,ES,ES-P-6,17.4,18.3,,,
03/10/2024,9,NP,ES,ES-NP-6,17.5,17,,,
03/10/2024,9,NP,ES,ES-NP-7,17.7,16.3,,,
03/10/2024,9,P,ES,ES-P-7,17,15.8,,,
03/10/2024,9,NP,ES,ES-NP-8,19,15.6,,,
03/10/2024,9,P,ES,ES-P-8,16.2,13.8,,,
03/10/2024,9,NP,ES,ES-NP-9,17.8,16.4,,,
03/10/2024,9,P,ES,ES-P-9,16.2,15.5,,,
03/10/2024,9,NP,ES,ES-NP-10,16.8,15.6,,,
03/10/2024,9,P,ES,ES-P-10,17.9,16.6,,,
03/10/2024,9,NP,ES,ES-NP-11,18.8,16.5,,,
03/10/2024,9,P,ES,ES-P-11,18,16.3,,,
03/10/2024,9,P,ES,ES-P-12,17.1,15.3,,,
03/10/2024,9,NP,ES,ES-NP-12,15.2,16.2,,,
03/10/2024,9,P,ES,ES-P-13,16.4,18.5,,,
03/10/2024,9,NP,ES,ES-NP-13,190.3,16.8,,,
03/10/2024,9,NP,ES,ES-NP-14,16.3,14,,,
03/10/2024,9,P,ES,ES-P-14,18.2,16.2,,,
03/10/2024,9,NP,ES,ES-NP-15,17.5,17,,,
03/10/2024,9,P,ES,ES-P-15,17.1,16.5,,,
03/11/2024,10,P,ES,ES-P-1,18.2,17.3,23.2,3.9,19.3
03/11/2024,10,NP,ES,ES-NP-1,15.8,14,23.8,4.1,19.7
03/11/2024,10,NP,ES,ES-NP-2,18.2,16.6,24.1,5,19.1
03/11/2024,10,P,ES,ES-P-2,16.5,15.4,25,5.1,19.9
03/11/2024,10,NP,ES,ES-NP-3,15.7,14.5,13.5,2.8,10.7
03/11/2024,10,P,ES,ES-P-3,14.7,14.8,23.1,4.6,18.5
03/11/2024,10,NP,ES,ES-NP-4,15.2,17,27.8,5.4,22.4
03/11/2024,10,P,ES,ES-P-4,15.3,15.6,26.4,5.5,20.9
03/11/2024,10,P,ES,ES-P-5,17,14.5,27.9,5.1,22.8
03/11/2024,10,NP,ES,ES-NP-5,17.4,14.1,28.4,5.3,23.1
03/11/2024,10,P,ES,ES-P-6,18,16.4,23.2,4.4,18.8
03/11/2024,10,NP,ES,ES-NP-6,16.3,13,31.9,7.3,24.6
03/11/2024,10,NP,ES,ES-NP-7,17.8,14.3,23.9,4.4,19.5
03/11/2024,10,P,ES,ES-P-7,16.2,14.5,27.6,5.4,22.2
03/11/2024,10,NP,ES,ES-NP-8,15.4,14.7,27,4.9,22.1
03/11/2024,10,P,ES,ES-P-8,15.5,11.2,26.4,5.2,21.2
03/11/2024,10,NP,ES,ES-NP-9,15.5,13.1,29.8,5.3,24.5
03/11/2024,10,P,ES,ES-P-9,17.4,12.4,26.9,5.5,21.4
03/11/2024,10,NP,ES,ES-NP-10,15.9,12.9,25.1,4.1,21
03/11/2024,10,P,ES,ES-P-10,16,14.5,27.5,5.9,21.6
03/11/2024,10,NP,ES,ES-NP-11,17.1,13.4,21.2,4.9,16.3
03/11/2024,10,P,ES,ES-P-11,17.6,14.6,20.2,4.5,15.7
03/11/2024,10,P,ES,ES-P-12,16.2,12.7,16,4.3,11.7
03/11/2024,10,NP,ES,ES-NP-12,15.7,16,31.3,6.2,25.1
03/11/2024,10,P,ES,ES-P-13,15.4,17.8,21.3,4.9,16.4
03/11/2024,10,NP,ES,ES-NP-13,18.7,15.2,21.2,4.3,16.9
03/11/2024,10,NP,ES,ES-NP-14,15.1,11.4,21.3,4.6,16.7
03/11/2024,10,P,ES,ES-P-14,16.6,15.5,18.7,3,15.7
03/11/2024,10,NP,ES,ES-NP-15,18.2,15.7,21.3,4.8,16.5
03/11/2024,10,P,ES,ES-P-15,15.8,13.4,26.3,5.1,21.2
03/12/2024,11,P,ES,ES-P-1,16,14.5,,,
03/12/2024,11,NP,ES,ES-NP-1,15.2,13.4,,,
03/12/2024,11,NP,ES,ES-NP-2,16.5,14.5,,,
03/12/2024,11,P,ES,ES-P-2,14.5,14.7,,,
03/12/2024,11,NP,ES,ES-NP-3,16.5,14.2,,,
03/12/2024,11,P,ES,ES-P-3,16.3,12.5,,,
03/12/2024,11,NP,ES,ES-NP-4,15.4,16.4,,,
03/12/2024,11,P,ES,ES-P-4,17.2,15.2,,,
03/12/2024,11,P,ES,ES-P-5,14,11.9,,,
03/12/2024,11,NP,ES,ES-NP-5,15.6,12.1,,,
03/12/2024,11,P,ES,ES-P-6,16.7,15.7,,,
03/12/2024,11,NP,ES,ES-NP-6,15.5,12.4,,,
03/12/2024,11,NP,ES,ES-NP-7,16.7,12.1,,,
03/12/2024,11,P,ES,ES-P-7,15.5,13.1,,,
03/12/2024,11,NP,ES,ES-NP-8,14.8,12.1,,,
03/12/2024,11,P,ES,ES-P-8,11.6,10.1,,,
03/12/2024,11,NP,ES,ES-NP-9,14.6,10.8,,,
03/12/2024,11,P,ES,ES-P-9,14.5,10.4,,,
03/12/2024,11,NP,ES,ES-NP-10,14.5,10.2,,,
03/12/2024,11,P,ES,ES-P-10,15.6,13.9,,,
03/12/2024,11,NP,ES,ES-NP-11,17.2,12.5,,,
03/12/2024,11,P,ES,ES-P-11,15.2,12.2,,,
03/12/2024,11,P,ES,ES-P-12,12.5,10.5,,,
03/12/2024,11,NP,ES,ES-NP-12,13.5,14.3,,,
03/12/2024,11,P,ES,ES-P-13,12.1,16.5,,,
03/12/2024,11,NP,ES,ES-NP-13,16.1,12.5,,,
03/12/2024,11,NP,ES,ES-NP-14,11.6,8.8,,,
03/12/2024,11,P,ES,ES-P-14,14.3,13.1,,,
03/12/2024,11,NP,ES,ES-NP-15,16.4,13.4,,,
03/12/2024,11,P,ES,ES-P-15,14.6,12.5,,,
03/13/2024,12,P,ES,ES-P-1,14.1,11.6,,,
03/13/2024,12,NP,ES,ES-NP-1,13.9,12.6,,,
03/13/2024,12,NP,ES,ES-NP-2,16.8,12.8,,,
03/13/2024,12,P,ES,ES-P-2,15.2,12.8,,,
03/13/2024,12,NP,ES,ES-NP-3,14.1,12.9,,,
03/13/2024,12,P,ES,ES-P-3,16,13.8,,,
03/13/2024,12,NP,ES,ES-NP-4,13.7,14.2,,,
03/13/2024,12,P,ES,ES-P-4,15.1,13.4,,,
03/13/2024,12,P,ES,ES-P-5,13.5,9.6,,,
03/13/2024,12,NP,ES,ES-NP-5,14.7,10.2,,,
03/13/2024,12,P,ES,ES-P-6,17.1,14.5,,,
03/13/2024,12,NP,ES,ES-NP-6,14.2,11.9,,,
03/13/2024,12,NP,ES,ES-NP-7,14.6,10.5,,,
03/13/2024,12,P,ES,ES-P-7,14.4,13.4,,,
03/13/2024,12,NP,ES,ES-NP-8,13.6,11.2,,,
03/13/2024,12,P,ES,ES-P-8,8.7,7.2,,,
03/13/2024,12,NP,ES,ES-NP-9,13.6,9.5,,,
03/13/2024,12,P,ES,ES-P-9,12.1,8.5,,,
03/13/2024,12,NP,ES,ES-NP-10,12.5,8.5,,,
03/13/2024,12,P,ES,ES-P-10,14.5,12.8,,,
03/13/2024,12,NP,ES,ES-NP-11,15.8,12.7,,,
03/13/2024,12,P,ES,ES-P-11,15.4,11.2,,,
03/13/2024,12,P,ES,ES-P-12,12.2,11,,,
03/13/2024,12,NP,ES,ES-NP-12,12.5,12.2,,,
03/13/2024,12,P,ES,ES-P-13,15.1,14.8,,,
03/13/2024,12,NP,ES,ES-NP-13,15.6,12.4,,,
03/13/2024,12,NP,ES,ES-NP-14,9.7,7.1,,,
03/13/2024,12,P,ES,ES-P-14,16,12.2,,,
03/13/2024,12,NP,ES,ES-NP-15,15.4,12.5,,,
03/13/2024,12,P,ES,ES-P-15,13.4,11.2,,,
03/14/2024,13,P,ES,ES-P-1,13.4,9.1,,,
03/14/2024,13,NP,ES,ES-NP-1,11.1,10.1,,,
03/14/2024,13,NP,ES,ES-NP-2,15.1,11.7,,,
03/14/2024,13,P,ES,ES-P-2,14.7,10.8,,,
03/14/2024,13,NP,ES,ES-NP-3,10.7,10.2,,,
03/14/2024,13,P,ES,ES-P-3,14.4,12.3,,,
03/14/2024,13,NP,ES,ES-NP-4,12.1,12.6,,,
03/14/2024,13,P,ES,ES-P-4,14.6,11.3,,,
03/14/2024,13,P,ES,ES-P-5,10.5,7.9,,,
03/14/2024,13,NP,ES,ES-NP-5,12.2,8.7,,,
03/14/2024,13,P,ES,ES-P-6,15.8,12.3,,,
03/14/2024,13,NP,ES,ES-NP-6,11.9,9,,,
03/14/2024,13,NP,ES,ES-NP-7,11.8,7.8,,,
03/14/2024,13,P,ES,ES-P-7,12.3,10.4,,,
03/14/2024,13,NP,ES,ES-NP-8,12.3,9,,,
03/14/2024,13,P,ES,ES-P-8,9.4,5.5,,,
03/14/2024,13,NP,ES,ES-NP-9,11.2,7.7,,,
03/14/2024,13,P,ES,ES-P-9,10.5,6.2,,,
03/14/2024,13,NP,ES,ES-NP-10,9.6,6.8,,,
03/14/2024,13,P,ES,ES-P-10,12.9,10.3,,,
03/14/2024,13,NP,ES,ES-NP-11,13.8,10.4,,,
03/14/2024,13,P,ES,ES-P-11,14.7,8.8,,,
03/14/2024,13,P,ES,ES-P-12,10.7,7,,,
03/14/2024,13,NP,ES,ES-NP-12,13.2,9.9,,,
03/14/2024,13,P,ES,ES-P-13,14,13.5,,,
03/14/2024,13,NP,ES,ES-NP-13,14.3,9.9,,,
03/14/2024,13,NP,ES,ES-NP-14,7.9,5.4,,,
03/14/2024,13,P,ES,ES-P-14,12.5,10.5,,,
03/14/2024,13,NP,ES,ES-NP-15,14.6,9.7,,,
03/14/2024,13,P,ES,ES-P-15,10.9,8.4,,,
03/15/2024,14,P,ES,ES-P-1,10.3,5.8,24.3,3.9,20.4
03/15/2024,14,NP,ES,ES-NP-1,6.9,7.7,23.8,4.1,19.7
03/15/2024,14,NP,ES,ES-NP-2,12.8,7.4,24.1,5,19.1
03/15/2024,14,P,ES,ES-P-2,12.3,9.1,27.3,5.1,22.2
03/15/2024,14,NP,ES,ES-NP-3,10.8,7.2,16.5,3.2,13.3
03/15/2024,14,P,ES,ES-P-3,12.5,9.7,25.4,4.6,20.8
03/15/2024,14,NP,ES,ES-NP-4,12.8,10.5,28.1,5.7,22.4
03/15/2024,14,P,ES,ES-P-4,13.6,10,28.1,5.5,22.6
03/15/2024,14,P,ES,ES-P-5,10.8,5.8,30.3,5.3,25
03/15/2024,14,NP,ES,ES-NP-5,8,5.4,28.6,5.5,23.1
03/15/2024,14,P,ES,ES-P-6,15.8,10.8,26.6,4.9,21.7
03/15/2024,14,NP,ES,ES-NP-6,11.7,8.2,33.1,7.3,25.8
03/15/2024,14,NP,ES,ES-NP-7,11.4,5.5,26,4.4,21.6
03/15/2024,14,P,ES,ES-P-7,12,8.5,28.5,5.5,23
03/15/2024,14,NP,ES,ES-NP-8,10.8,5.8,28.1,4.9,23.2
03/15/2024,14,P,ES,ES-P-8,7.6,5,30.5,6.2,24.3
03/15/2024,14,NP,ES,ES-NP-9,8.4,5.7,30.3,5.3,25
03/15/2024,14,P,ES,ES-P-9,8.4,5.2,29.8,4.8,25
03/15/2024,14,NP,ES,ES-NP-10,9.5,5.3,26.2,4.3,21.9
03/15/2024,14,P,ES,ES-P-10,11.5,7.6,31.4,4.9,26.5
03/15/2024,14,NP,ES,ES-NP-11,13.6,8,27.7,4.9,22.8
03/15/2024,14,P,ES,ES-P-11,12.5,6.5,21.9,4.8,17.1
03/15/2024,14,P,ES,ES-P-12,10.4,5.3,16,4.3,11.7
03/15/2024,14,NP,ES,ES-NP-12,11.5,7.6,34.6,6.2,28.4
03/15/2024,14,P,ES,ES-P-13,10.7,12.4,21.3,4.9,16.4
03/15/2024,14,NP,ES,ES-NP-13,14.2,7.8,21.9,4.4,17.5
03/15/2024,14,NP,ES,ES-NP-14,5.4,3.7,25.5,3.9,21.6
03/15/2024,14,P,ES,ES-P-14,11.6,8.6,20.8,3.6,17.2
03/15/2024,14,NP,ES,ES-NP-15,10,7.7,22.5,5,17.5
03/15/2024,14,P,ES,ES-P-15,9.7,7.2,26.8,5.5,21.3
03/16/2024,15,P,ES,ES-P-1,9.1,5.5,,,
03/16/2024,15,NP,ES,ES-NP-1,5.5,6,,,
03/16/2024,15,NP,ES,ES-NP-2,13.2,7.7,,,
03/16/2024,15,P,ES,ES-P-2,11,7,,,
03/16/2024,15,NP,ES,ES-NP-3,8.4,6.1,,,
03/16/2024,15,P,ES,ES-P-3,12.3,8.2,,,
03/16/2024,15,NP,ES,ES-NP-4,12.3,9.7,,,
03/16/2024,15,P,ES,ES-P-4,11.2,7.5,,,
03/16/2024,15,P,ES,ES-P-5,8.2,5.5,,,
03/16/2024,15,NP,ES,ES-NP-5,8.9,5.5,,,
03/16/2024,15,P,ES,ES-P-6,14,9.6,,,
03/16/2024,15,NP,ES,ES-NP-6,8.7,5.6,,,
03/16/2024,15,NP,ES,ES-NP-7,8.6,5.1,,,
03/16/2024,15,P,ES,ES-P-7,12.1,6.7,,,
03/16/2024,15,NP,ES,ES-NP-8,8.3,5.5,,,
03/16/2024,15,P,ES,ES-P-8,5.1,5.1,,,
03/16/2024,15,NP,ES,ES-NP-9,6.2,3.7,,,
03/16/2024,15,P,ES,ES-P-9,6.5,5.5,,,
03/16/2024,15,NP,ES,ES-NP-10,5.5,4.1,,,
03/16/2024,15,P,ES,ES-P-10,7.5,5.9,,,
03/16/2024,15,NP,ES,ES-NP-11,12.2,6.3,,,
03/16/2024,15,P,ES,ES-P-11,9.2,6.5,,,
03/16/2024,15,P,ES,ES-P-12,8.4,5.2,,,
03/16/2024,15,NP,ES,ES-NP-12,10,6.3,,,
03/16/2024,15,P,ES,ES-P-13,9.8,8.8,,,
03/16/2024,15,NP,ES,ES-NP-13,9.7,6.6,,,
03/16/2024,15,NP,ES,ES-NP-14,0,2.5,,,
03/16/2024,15,P,ES,ES-P-14,9,7.3,,,
03/16/2024,15,NP,ES,ES-NP-15,7.9,5.1,,,
03/16/2024,15,P,ES,ES-P-15,8.5,3.1,,,
03/17/2024,16,P,ES,ES-P-1,22.6,25.8,,,
03/17/2024,16,NP,ES,ES-NP-1,24.2,24.8,,,
03/17/2024,16,NP,ES,ES-NP-2,26.7,26.4,,,
03/17/2024,16,P,ES,ES-P-2,27.7,25.9,,,
03/17/2024,16,NP,ES,ES-NP-3,25.6,26.4,,,
03/17/2024,16,P,ES,ES-P-3,25.2,27.1,,,
03/17/2024,16,NP,ES,ES-NP-4,25.1,27.4,,,
03/17/2024,16,P,ES,ES-P-4,28,26.1,,,
03/17/2024,16,P,ES,ES-P-5,24.4,25.6,,,
03/17/2024,16,NP,ES,ES-NP-5,26,26.6,,,
03/17/2024,16,P,ES,ES-P-6,28.4,27.2,,,
03/17/2024,16,NP,ES,ES-NP-6,23.4,26.7,,,
03/17/2024,16,NP,ES,ES-NP-7,21.4,25.6,,,
03/17/2024,16,P,ES,ES-P-7,22.4,25.2,,,
03/17/2024,16,NP,ES,ES-NP-8,24,25.8,,,
03/17/2024,16,P,ES,ES-P-8,21.4,25.1,,,
03/17/2024,16,NP,ES,ES-NP-9,23.2,24.8,,,
03/17/2024,16,P,ES,ES-P-9,23.7,25.1,,,
03/17/2024,16,NP,ES,ES-NP-10,20.1,24.2,,,
03/17/2024,16,P,ES,ES-P-10,23.7,24.5,,,
03/17/2024,16,NP,ES,ES-NP-11,23.8,25.7,,,
03/17/2024,16,P,ES,ES-P-11,22.8,24.8,,,
03/17/2024,16,P,ES,ES-P-12,22.5,26.9,,,
03/17/2024,16,NP,ES,ES-NP-12,24.3,26.7,,,
03/17/2024,16,P,ES,ES-P-13,24.6,27.4,,,
03/17/2024,16,NP,ES,ES-NP-13,25.5,26.2,,,
03/17/2024,16,NP,ES,ES-NP-14,18,25.2,,,
03/17/2024,16,P,ES,ES-P-14,25.8,26.2,,,
03/17/2024,16,NP,ES,ES-NP-15,24.3,26.1,,,
03/17/2024,16,P,ES,ES-P-15,25.8,23.4,,,
03/18/2024,17,P,ES,ES-P-1,21.5,24.9,,,
03/18/2024,17,NP,ES,ES-NP-1,22.3,23.4,,,
03/18/2024,17,NP,ES,ES-NP-2,25.5,24,,,
03/18/2024,17,P,ES,ES-P-2,26.3,25.9,,,
03/18/2024,17,NP,ES,ES-NP-3,22.1,25.8,,,
03/18/2024,17,P,ES,ES-P-3,24.5,25.2,,,
03/18/2024,17,NP,ES,ES-NP-4,24.7,25.8,,,
03/18/2024,17,P,ES,ES-P-4,23.3,25.9,,,
03/18/2024,17,P,ES,ES-P-5,21.8,22.5,,,
03/18/2024,17,NP,ES,ES-NP-5,22.5,23.3,,,
03/18/2024,17,P,ES,ES-P-6,27.4,24.5,,,
03/18/2024,17,NP,ES,ES-NP-6,23,24.5,,,
03/18/2024,17,NP,ES,ES-NP-7,21.3,25.8,,,
03/18/2024,17,P,ES,ES-P-7,22,24.3,,,
03/18/2024,17,NP,ES,ES-NP-8,21.7,24,,,
03/18/2024,17,P,ES,ES-P-8,21.7,22.7,,,
03/18/2024,17,NP,ES,ES-NP-9,23.1,22.8,,,
03/18/2024,17,P,ES,ES-P-9,20.3,20.7,,,
03/18/2024,17,NP,ES,ES-NP-10,19.7,21.7,,,
03/18/2024,17,P,ES,ES-P-10,22.7,25,,,
03/18/2024,17,NP,ES,ES-NP-11,24.3,24.9,,,
03/18/2024,17,P,ES,ES-P-11,21.6,22.8,,,
03/18/2024,17,P,ES,ES-P-12,22.1,24.5,,,
03/18/2024,17,NP,ES,ES-NP-12,21.5,25,,,
03/18/2024,17,P,ES,ES-P-13,21.5,24.9,,,
03/18/2024,17,NP,ES,ES-NP-13,24.3,25.1,,,
03/18/2024,17,NP,ES,ES-NP-14,19.4,25.7,,,
03/18/2024,17,P,ES,ES-P-14,23.8,22.7,,,
03/18/2024,17,NP,ES,ES-NP-15,24.3,23.9,,,
03/18/2024,17,P,ES,ES-P-15,22.5,22.3,,,
03/19/2024,18,P,ES,ES-P-1,18.2,22.1,24.9,3.9,21
03/19/2024,18,NP,ES,ES-NP-1,19.1,21,24.4,4.3,20.1
03/19/2024,18,NP,ES,ES-NP-2,22,21.3,26.1,5.2,20.9
03/19/2024,18,P,ES,ES-P-2,21.7,22.4,27.4,5.2,22.2
03/19/2024,18,NP,ES,ES-NP-3,18.2,20.9,18.2,3.4,14.8
03/19/2024,18,P,ES,ES-P-3,20.8,22.2,25.4,4.6,20.8
03/19/2024,18,NP,ES,ES-NP-4,21.3,22,30.8,5.8,25
03/19/2024,18,P,ES,ES-P-4,21.3,20.5,31,5.8,25.2
03/19/2024,18,P,ES,ES-P-5,21.7,19.9,31.9,5.3,26.6
03/19/2024,18,NP,ES,ES-NP-5,21.6,22.1,30.1,5.5,24.6
03/19/2024,18,P,ES,ES-P-6,23.2,23.1,29.3,5.4,23.9
03/19/2024,18,NP,ES,ES-NP-6,21.7,23.2,34.2,7.3,26.9
03/19/2024,18,NP,ES,ES-NP-7,20.5,19.9,26,4.4,21.6
03/19/2024,18,P,ES,ES-P-7,21.5,22.3,30.9,6.1,24.8
03/19/2024,18,NP,ES,ES-NP-8,21.4,20.4,28.9,5,23.9
03/19/2024,18,P,ES,ES-P-8,19.5,20.2,32,6.2,25.8
03/19/2024,18,NP,ES,ES-NP-9,20.5,21.7,33.1,6,27.1
03/19/2024,18,P,ES,ES-P-9,20.3,19.7,29.8,4.8,25
03/19/2024,18,NP,ES,ES-NP-10,20.5,20,26.9,4.4,22.5
03/19/2024,18,P,ES,ES-P-10,21.5,20.7,32.1,5.2,26.9
03/19/2024,18,NP,ES,ES-NP-11,22.4,22.5,27.9,4.9,23
03/19/2024,18,P,ES,ES-P-11,20.7,21.6,26,5.9,20.1
03/19/2024,18,P,ES,ES-P-12,21.2,20.5,16,4.3,11.7
03/19/2024,18,NP,ES,ES-NP-12,21.2,23.4,34.9,6.2,28.7
03/19/2024,18,P,ES,ES-P-13,19.3,24,23.5,4.9,18.6
03/19/2024,18,NP,ES,ES-NP-13,23.5,23.7,22.5,4.4,18.1
03/19/2024,18,NP,ES,ES-NP-14,21.1,21.8,25.5,3.9,21.6
03/19/2024,18,P,ES,ES-P-14,22.5,21.2,20.8,3.6,17.2
03/19/2024,18,NP,ES,ES-NP-15,22.9,23.5,27.9,4.9,23
03/19/2024,18,P,ES,ES-P-15,20.6,19.6,32.4,5.5,26.9
03/20/2024,19,P,ES,ES-P-1,18.7,18.8,,,
03/20/2024,19,NP,ES,ES-NP-1,17.7,18.9,,,
03/20/2024,19,NP,ES,ES-NP-2,21.8,19.2,,,
03/20/2024,19,P,ES,ES-P-2,20.5,19.9,,,
03/20/2024,19,NP,ES,ES-NP-3,17.7,19.8,,,
03/20/2024,19,P,ES,ES-P-3,18.5,19,,,
03/20/2024,19,NP,ES,ES-NP-4,19.8,19.6,,,
03/20/2024,19,P,ES,ES-P-4,21.3,18.9,,,
03/20/2024,19,P,ES,ES-P-5,19.1,17.2,,,
03/20/2024,19,NP,ES,ES-NP-5,22.9,19.3,,,
03/20/2024,19,P,ES,ES-P-6,22.4,20.5,,,
03/20/2024,19,NP,ES,ES-NP-6,20.2,18.3,,,
03/20/2024,19,NP,ES,ES-NP-7,21.1,18.6,,,
03/20/2024,19,P,ES,ES-P-7,19.7,18.8,,,
03/20/2024,19,NP,ES,ES-NP-8,21.7,18,,,
03/20/2024,19,P,ES,ES-P-8,19.1,18.6,,,
03/20/2024,19,NP,ES,ES-NP-9,21.2,17.5,,,
03/20/2024,19,P,ES,ES-P-9,20.6,18.5,,,
03/20/2024,19,NP,ES,ES-NP-10,19.8,17.7,,,
03/20/2024,19,P,ES,ES-P-10,19.3,17.6,,,
03/20/2024,19,NP,ES,ES-NP-11,22.1,19.3,,,
03/20/2024,19,P,ES,ES-P-11,21.2,18.1,,,
03/20/2024,19,P,ES,ES-P-12,19.8,17.4,,,
03/20/2024,19,NP,ES,ES-NP-12,19.9,20.7,,,
03/20/2024,19,P,ES,ES-P-13,16.2,20.4,,,
03/20/2024,19,NP,ES,ES-NP-13,22.5,20.2,,,
03/20/2024,19,NP,ES,ES-NP-14,20.2,18.8,,,
03/20/2024,19,P,ES,ES-P-14,19.6,18.7,,,
03/20/2024,19,NP,ES,ES-NP-15,19.9,20.1,,,
03/20/2024,19,P,ES,ES-P-15,19.3,15.7,,,
03/21/2024,20,P,ES,ES-P-1,18.1,14.7,,,
03/21/2024,20,NP,ES,ES-NP-1,15.5,16.6,,,
03/21/2024,20,NP,ES,ES-NP-2,21,16.8,,,
03/21/2024,20,P,ES,ES-P-2,18.9,16.5,,,
03/21/2024,20,NP,ES,ES-NP-3,19.5,17.3,,,
03/21/2024,20,P,ES,ES-P-3,19.7,17.7,,,
03/21/2024,20,NP,ES,ES-NP-4,17.9,18.1,,,
03/21/2024,20,P,ES,ES-P-4,20.1,17.1,,,
03/21/2024,20,P,ES,ES-P-5,18.5,15.4,,,
03/21/2024,20,NP,ES,ES-NP-5,19.8,17.3,,,
03/21/2024,20,P,ES,ES-P-6,21.6,18.2,,,
03/21/2024,20,NP,ES,ES-NP-6,20.5,17,,,
03/21/2024,20,NP,ES,ES-NP-7,20.4,17.2,,,
03/21/2024,20,P,ES,ES-P-7,18.1,16.9,,,
03/21/2024,20,NP,ES,ES-NP-8,19.8,15.2,,,
03/21/2024,20,P,ES,ES-P-8,18.7,14.6,,,
03/21/2024,20,NP,ES,ES-NP-9,19.9,15.7,,,
03/21/2024,20,P,ES,ES-P-9,17.6,15.7,,,
03/21/2024,20,NP,ES,ES-NP-10,17.4,15.1,,,
03/21/2024,20,P,ES,ES-P-10,19.3,17.4,,,
03/21/2024,20,NP,ES,ES-NP-11,20.8,16.6,,,
03/21/2024,20,P,ES,ES-P-11,20.1,16.4,,,
03/21/2024,20,P,ES,ES-P-12,17.3,16.1,,,
03/21/2024,20,NP,ES,ES-NP-12,16.7,17.7,,,
03/21/2024,20,P,ES,ES-P-13,14.7,19.4,,,
03/21/2024,20,NP,ES,ES-NP-13,20.5,18.9,,,
03/21/2024,20,NP,ES,ES-NP-14,18.4,16.8,,,
03/21/2024,20,P,ES,ES-P-14,19.2,17.3,,,
03/21/2024,20,NP,ES,ES-NP-15,18.8,17.6,,,
03/21/2024,20,P,ES,ES-P-15,18,15.4,,,
03/22/2024,21,P,ES,ES-P-1,17.1,15.7,24.9,3.9,21
03/22/2024,21,NP,ES,ES-NP-1,14.7,16.7,26.2,4.5,21.7
03/22/2024,21,NP,ES,ES-NP-2,21.5,17.2,27.5,5.3,22.2
03/22/2024,21,P,ES,ES-P-2,20.4,16.3,29.1,5.4,23.7
03/22/2024,21,NP,ES,ES-NP-3,17.2,16.5,18.6,3.8,14.8
03/22/2024,21,P,ES,ES-P-3,20,17.4,25.9,4.6,21.3
03/22/2024,21,NP,ES,ES-NP-4,17.6,19.1,31.8,5.8,26
03/22/2024,21,P,ES,ES-P-4,20.4,17.5,31.9,5.8,26.1
03/22/2024,21,P,ES,ES-P-5,18.2,14.5,32.1,5.8,26.3
03/22/2024,21,NP,ES,ES-NP-5,20.7,17.9,31.3,5.5,25.8
03/22/2024,21,P,ES,ES-P-6,21.7,18.4,29.3,5.4,23.9
03/22/2024,21,NP,ES,ES-NP-6,20.4,17.2,34.8,7.3,27.5
03/22/2024,21,NP,ES,ES-NP-7,19.1,16.1,26,4.4,21.6
03/22/2024,21,P,ES,ES-P-7,19.2,17.5,30.9,6.1,24.8
03/22/2024,21,NP,ES,ES-NP-8,20.9,16.5,28.9,5.2,23.7
03/22/2024,21,P,ES,ES-P-8,20.5,15.4,32.9,6.2,26.7
03/22/2024,21,NP,ES,ES-NP-9,19.1,16.5,33.5,6.4,27.1
03/22/2024,21,P,ES,ES-P-9,20.5,14.6,29.8,4.8,25
03/22/2024,21,NP,ES,ES-NP-10,17.7,13.9,26.9,4.4,22.5
03/22/2024,21,P,ES,ES-P-10,19.6,16.7,32.2,5.2,27
03/22/2024,21,NP,ES,ES-NP-11,23.9,17.8,27.9,4.9,23
03/22/2024,21,P,ES,ES-P-11,20.7,16.2,26.9,5.9,21
03/22/2024,21,P,ES,ES-P-12,20,17.8,16,4.3,11.7
03/22/2024,21,NP,ES,ES-NP-12,18.6,18.5,35.2,6.2,29
03/22/2024,21,P,ES,ES-P-13,16.6,18.6,24.1,4.9,19.2
03/22/2024,21,NP,ES,ES-NP-13,21.9,17.9,23.4,4.4,19
03/22/2024,21,NP,ES,ES-NP-14,20.3,16.2,25.6,4,21.6
03/22/2024,21,P,ES,ES-P-14,19.3,16.5,20.8,3.2,17.6
03/22/2024,21,NP,ES,ES-NP-15,18.8,17.9,27.9,4.9,23
03/22/2024,21,P,ES,ES-P-15,19.1,14,32.9,5.5,27.4
03/23/2024,22,P,ES,ES-P-1,16.9,13.2,,,
03/23/2024,22,NP,ES,ES-NP-1,15.7,14.8,,,
03/23/2024,22,NP,ES,ES-NP-2,22,15.8,,,
03/23/2024,22,P,ES,ES-P-2,19.2,15.7,,,
03/23/2024,22,NP,ES,ES-NP-3,18.8,14.7,,,
03/23/2024,22,P,ES,ES-P-3,21,15.7,,,
03/23/2024,22,NP,ES,ES-NP-4,18.6,17.2,,,
03/23/2024,22,P,ES,ES-P-4,17.8,15.9,,,
03/23/2024,22,P,ES,ES-P-5,16.4,13.3,,,
03/23/2024,22,NP,ES,ES-NP-5,20.3,16.4,,,
03/23/2024,22,P,ES,ES-P-6,20.9,16.9,,,
03/23/2024,22,NP,ES,ES-NP-6,19.8,16.3,,,
03/23/2024,22,NP,ES,ES-NP-7,21.5,14.5,,,
03/23/2024,22,P,ES,ES-P-7,17.6,16.5,,,
03/23/2024,22,NP,ES,ES-NP-8,21.8,14.9,,,
03/23/2024,22,P,ES,ES-P-8,18.9,12.5,,,
03/23/2024,22,NP,ES,ES-NP-9,20.5,14.5,,,
03/23/2024,22,P,ES,ES-P-9,19.3,12.7,,,
03/23/2024,22,NP,ES,ES-NP-10,16.5,12.5,,,
03/23/2024,22,P,ES,ES-P-10,19.7,15.6,,,
03/23/2024,22,NP,ES,ES-NP-11,22,17.6,,,
03/23/2024,22,P,ES,ES-P-11,19.3,14.5,,,
03/23/2024,22,P,ES,ES-P-12,19.2,15.3,,,
03/23/2024,22,NP,ES,ES-NP-12,19.4,17,,,
03/23/2024,22,P,ES,ES-P-13,14.6,17.9,,,
03/23/2024,22,NP,ES,ES-NP-13,22.2,17.6,,,
03/23/2024,22,NP,ES,ES-NP-14,18.9,13.2,,,
03/23/2024,22,P,ES,ES-P-14,19,15.7,,,
03/23/2024,22,NP,ES,ES-NP-15,20,15.7,,,
03/23/2024,22,P,ES,ES-P-15,17.6,13,,,
03/24/2024,23,P,ES,ES-P-1,15.9,12.8,,,
03/24/2024,23,NP,ES,ES-NP-1,14.2,14.1,,,
03/24/2024,23,NP,ES,ES-NP-2,21,15.7,,,
03/24/2024,23,P,ES,ES-P-2,17.5,17.9,,,
03/24/2024,23,NP,ES,ES-NP-3,20.2,15.5,,,
03/24/2024,23,P,ES,ES-P-3,17.9,15.6,,,
03/24/2024,23,NP,ES,ES-NP-4,18.5,16.3,,,
03/24/2024,23,P,ES,ES-P-4,19.6,15.2,,,
03/24/2024,23,P,ES,ES-P-5,16.4,12.5,,,
03/24/2024,23,NP,ES,ES-NP-5,19.6,14.6,,,
03/24/2024,23,P,ES,ES-P-6,20.4,16.9,,,
03/24/2024,23,NP,ES,ES-NP-6,19.9,14.4,,,
03/24/2024,23,NP,ES,ES-NP-7,19.7,13.6,,,
03/24/2024,23,P,ES,ES-P-7,17.7,15.1,,,
03/24/2024,23,NP,ES,ES-NP-8,18.5,13.9,,,
03/24/2024,23,P,ES,ES-P-8,16.1,11.6,,,
03/24/2024,23,NP,ES,ES-NP-9,19.1,13.4,,,
03/24/2024,23,P,ES,ES-P-9,17.5,11.7,,,
03/24/2024,23,NP,ES,ES-NP-10,16.1,10.8,,,
03/24/2024,23,P,ES,ES-P-10,18.4,14,,,
03/24/2024,23,NP,ES,ES-NP-11,21.2,15.4,,,
03/24/2024,23,P,ES,ES-P-11,19.9,14.5,,,
03/24/2024,23,P,ES,ES-P-12,17.4,13.4,,,
03/24/2024,23,NP,ES,ES-NP-12,17.2,14.5,,,
03/24/2024,23,P,ES,ES-P-13,13,17.2,,,
03/24/2024,23,NP,ES,ES-NP-13,19.4,16.3,,,
03/24/2024,23,NP,ES,ES-NP-14,16.4,12.3,,,
03/24/2024,23,P,ES,ES-P-14,18.5,14.4,,,
03/24/2024,23,NP,ES,ES-NP-15,18.4,15,,,
03/24/2024,23,P,ES,ES-P-15,16.9,11.9,,,
03/25/2024,24,P,ES,ES-P-1,13.7,9.7,,,
03/25/2024,24,NP,ES,ES-NP-1,12.3,11.7,,,
03/25/2024,24,NP,ES,ES-NP-2,19.8,12.9,,,
03/25/2024,24,P,ES,ES-P-2,16.8,13,,,
03/25/2024,24,NP,ES,ES-NP-3,12.5,11.5,,,
03/25/2024,24,P,ES,ES-P-3,15.5,13.2,,,
03/25/2024,24,NP,ES,ES-NP-4,15.2,15.4,,,
03/25/2024,24,P,ES,ES-P-4,15.6,13.7,,,
03/25/2024,24,P,ES,ES-P-5,15.5,10,,,
03/25/2024,24,NP,ES,ES-NP-5,18.8,12.8,,,
03/25/2024,24,P,ES,ES-P-6,18.4,15,,,
03/25/2024,24,NP,ES,ES-NP-6,18.3,12.6,,,
03/25/2024,24,NP,ES,ES-NP-7,16.3,11.8,,,
03/25/2024,24,P,ES,ES-P-7,17.5,14,,,
03/25/2024,24,NP,ES,ES-NP-8,16.3,11.8,,,
03/25/2024,24,P,ES,ES-P-8,16.7,8.6,,,
03/25/2024,24,NP,ES,ES-NP-9,16.5,10.9,,,
03/25/2024,24,P,ES,ES-P-9,15.8,9.21,,,
03/25/2024,24,NP,ES,ES-NP-10,14.7,9.6,,,
03/25/2024,24,P,ES,ES-P-10,14.5,121.4,,,
03/25/2024,24,NP,ES,ES-NP-11,20.3,13.3,,,
03/25/2024,24,P,ES,ES-P-11,15.6,11.1,,,
03/25/2024,24,P,ES,ES-P-12,17.2,10.9,,,
03/25/2024,24,NP,ES,ES-NP-12,16.8,13.8,,,
03/25/2024,24,P,ES,ES-P-13,12.6,15.3,,,
03/25/2024,24,NP,ES,ES-NP-13,19.8,13.6,,,
03/25/2024,24,NP,ES,ES-NP-14,13.6,9.3,,,
03/25/2024,24,P,ES,ES-P-14,15.6,12.7,,,
03/25/2024,24,NP,ES,ES-NP-15,16.6,13.4,,,
03/25/2024,24,P,ES,ES-P-15,16,9.8,,,
03/26/2024,25,P,ES,ES-P-1,11.3,7.7,25.3,4.3,21
03/26/2024,25,NP,ES,ES-NP-1,11.2,10.1,26.3,4.5,21.8
03/26/2024,25,NP,ES,ES-NP-2,17.7,11.7,27.5,5.3,22.2
03/26/2024,25,P,ES,ES-P-2,15.7,10.3,29.6,5.5,24.1
03/26/2024,25,NP,ES,ES-NP-3,11.2,9,18.6,3.8,14.8
03/26/2024,25,P,ES,ES-P-3,15,11.2,25.9,4.6,21.3
03/26/2024,25,NP,ES,ES-NP-4,15.7,13.5,32.2,6,26.2
03/26/2024,25,P,ES,ES-P-4,15.3,11.1,32.1,6,26.1
03/26/2024,25,P,ES,ES-P-5,11.4,8,32.1,5.8,26.3
03/26/2024,25,NP,ES,ES-NP-5,17.1,9.6,31.3,5.5,25.8
03/26/2024,25,P,ES,ES-P-6,19.2,12.9,29.7,5.8,23.9
03/26/2024,25,NP,ES,ES-NP-6,17.3,11.2,35.2,7.3,27.9
03/26/2024,25,NP,ES,ES-NP-7,14.6,8.6,26,4.4,21.6
03/26/2024,25,P,ES,ES-P-7,15.9,10.5,30.9,6.1,24.8
03/26/2024,25,NP,ES,ES-NP-8,15.5,9.6,29.9,5.2,24.7
03/26/2024,25,P,ES,ES-P-8,10.6,5.3,33.1,6.2,26.9
03/26/2024,25,NP,ES,ES-NP-9,14.5,8.4,34,6.4,27.6
03/26/2024,25,P,ES,ES-P-9,13.4,6.6,29.9,4.9,25
03/26/2024,25,NP,ES,ES-NP-10,11.6,5.5,27.1,4.6,22.5
03/26/2024,25,P,ES,ES-P-10,13,10.5,32.2,5.2,27
03/26/2024,25,NP,ES,ES-NP-11,19.7,11.2,28.9,5.9,23
03/26/2024,25,P,ES,ES-P-11,14.5,93,27.9,5.9,22
03/26/2024,25,P,ES,ES-P-12,13.7,8.7,16,4.3,11.7
03/26/2024,25,NP,ES,ES-NP-12,14.1,11.7,35.2,6.2,29
03/26/2024,25,P,ES,ES-P-13,11,12.1,26.4,4.9,21.5
03/26/2024,25,NP,ES,ES-NP-13,17.9,12.4,23.9,4.5,19.4
03/26/2024,25,NP,ES,ES-NP-14,11.5,6.2,26.2,4,22.2
03/26/2024,25,P,ES,ES-P-14,15.2,10.5,20.8,3.2,17.6
03/26/2024,25,NP,ES,ES-NP-15,15.2,11.2,28.1,5,23.1
03/26/2024,25,P,ES,ES-P-15,14.2,7.7,33,5.5,27.5
03/27/2024,26,P,ES,ES-P-1,9.4,7.2,,,
03/27/2024,26,NP,ES,ES-NP-1,9.3,9.5,,,
03/27/2024,26,NP,ES,ES-NP-2,16.9,10.6,,,
03/27/2024,26,P,ES,ES-P-2,15.7,11,,,
03/27/2024,26,NP,ES,ES-NP-3,11.8,9.4,,,
03/27/2024,26,P,ES,ES-P-3,15.8,12.4,,,
03/27/2024,26,NP,ES,ES-NP-4,15.2,12.6,,,
03/27/2024,26,P,ES,ES-P-4,15,11.1,,,
03/27/2024,26,P,ES,ES-P-5,10.7,6.8,,,
03/27/2024,26,NP,ES,ES-NP-5,14.8,9.9,,,
03/27/2024,26,P,ES,ES-P-6,16.6,12.5,,,
03/27/2024,26,NP,ES,ES-NP-6,16.7,10.6,,,
03/27/2024,26,NP,ES,ES-NP-7,13,8,,,
03/27/2024,26,P,ES,ES-P-7,15.4,10.5,,,
03/27/2024,26,NP,ES,ES-NP-8,14,9.3,,,
03/27/2024,26,P,ES,ES-P-8,9.7,5.8,,,
03/27/2024,26,NP,ES,ES-NP-9,11.5,8.2,,,
03/27/2024,26,P,ES,ES-P-9,10.9,6.4,,,
03/27/2024,26,NP,ES,ES-NP-10,9.7,5.3,,,
03/27/2024,26,P,ES,ES-P-10,12,10.1,,,
03/27/2024,26,NP,ES,ES-NP-11,17.4,11.2,,,
03/27/2024,26,P,ES,ES-P-11,16.3,9.6,,,
03/27/2024,26,P,ES,ES-P-12,13.8,9,,,
03/27/2024,26,NP,ES,ES-NP-12,13.5,11,,,
03/27/2024,26,P,ES,ES-P-13,11,13.6,,,
03/27/2024,26,NP,ES,ES-NP-13,17.4,11.3,,,
03/27/2024,26,NP,ES,ES-NP-14,10.3,6.6,,,
03/27/2024,26,P,ES,ES-P-14,17.1,10.8,,,
03/27/2024,26,NP,ES,ES-NP-15,15.7,11.4,,,
03/27/2024,26,P,ES,ES-P-15,10.3,6.1,,,
03/28/2024,27,P,ES,ES-P-1,8.1,5.5,,,
03/28/2024,27,NP,ES,ES-NP-1,8.3,7.4,,,
03/28/2024,27,NP,ES,ES-NP-2,15.3,8.9,,,
03/28/2024,27,P,ES,ES-P-2,12.7,8.7,,,
03/28/2024,27,NP,ES,ES-NP-3,7.8,6.7,,,
03/28/2024,27,P,ES,ES-P-3,14.5,9.6,,,
03/28/2024,27,NP,ES,ES-NP-4,12.9,10.9,,,
03/28/2024,27,P,ES,ES-P-4,13.1,8.1,,,
03/28/2024,27,P,ES,ES-P-5,8.4,3.9,,,
03/28/2024,27,NP,ES,ES-NP-5,13,6.7,,,
03/28/2024,27,P,ES,ES-P-6,15.8,9.7,,,
03/28/2024,27,NP,ES,ES-NP-6,12.9,8.3,,,
03/28/2024,27,NP,ES,ES-NP-7,12.8,5.5,,,
03/28/2024,27,P,ES,ES-P-7,13,8.4,,,
03/28/2024,27,NP,ES,ES-NP-8,10.9,6.2,,,
03/28/2024,27,P,ES,ES-P-8,6.6,3.9,,,
03/28/2024,27,NP,ES,ES-NP-9,9.9,5.2,,,
03/28/2024,27,P,ES,ES-P-9,8.5,5.1,,,
03/28/2024,27,NP,ES,ES-NP-10,7,5.2,,,
03/28/2024,27,P,ES,ES-P-10,9.8,8.4,,,
03/28/2024,27,NP,ES,ES-NP-11,15.7,7.4,,,
03/28/2024,27,P,ES,ES-P-11,11.9,6.1,,,
03/28/2024,27,P,ES,ES-P-12,10.2,6,,,
03/28/2024,27,NP,ES,ES-NP-12,9.8,8,,,
03/28/2024,27,P,ES,ES-P-13,7.6,10.2,,,
03/28/2024,27,NP,ES,ES-NP-13,15.3,9.1,,,
03/28/2024,27,NP,ES,ES-NP-14,7.4,5.1,,,
03/28/2024,27,P,ES,ES-P-14,12.9,8.2,,,
03/28/2024,27,NP,ES,ES-NP-15,11.9,7.5,,,
03/28/2024,27,P,ES,ES-P-15,9.3,5.1,,,
03/29/2024,28,P,ES,ES-P-1,6.3,3.7,,,
03/29/2024,28,NP,ES,ES-NP-1,6,5.5,,,
03/29/2024,28,NP,ES,ES-NP-2,13.5,7.8,,,
03/29/2024,28,P,ES,ES-P-2,10.9,5.8,,,
03/29/2024,28,NP,ES,ES-NP-3,5.5,5.5,,,
03/29/2024,28,P,ES,ES-P-3,13.1,8.6,,,
03/29/2024,28,NP,ES,ES-NP-4,11.3,8.6,,,
03/29/2024,28,P,ES,ES-P-4,10.2,6.4,,,
03/29/2024,28,P,ES,ES-P-5,6.5,5.3,,,
03/29/2024,28,NP,ES,ES-NP-5,10.2,5.4,,,
03/29/2024,28,P,ES,ES-P-6,13.7,7.3,,,
03/29/2024,28,NP,ES,ES-NP-6,10.7,5.6,,,
03/29/2024,28,NP,ES,ES-NP-7,10.2,4.2,,,
03/29/2024,28,P,ES,ES-P-7,11.5,6.5,,,
03/29/2024,28,NP,ES,ES-NP-8,9.7,4.4,,,
03/29/2024,28,P,ES,ES-P-8,2.5,1.5,,,
03/29/2024,28,NP,ES,ES-NP-9,5.7,5.1,,,
03/29/2024,28,P,ES,ES-P-9,5.5,4.2,,,
03/29/2024,28,NP,ES,ES-NP-10,4.4,1.6,,,
03/29/2024,28,P,ES,ES-P-10,6.5,5.9,,,
03/29/2024,28,NP,ES,ES-NP-11,10.6,5.9,,,
03/29/2024,28,P,ES,ES-P-11,9.1,3.4,,,
03/29/2024,28,P,ES,ES-P-12,9.1,5.3,,,
03/29/2024,28,NP,ES,ES-NP-12,10.6,6.2,,,
03/29/2024,28,P,ES,ES-P-13,8,9.6,,,
03/29/2024,28,NP,ES,ES-NP-13,13.3,7,,,
03/29/2024,28,NP,ES,ES-NP-14,5.4,2.5,,,
03/29/2024,28,P,ES,ES-P-14,11,5.6,,,
03/29/2024,28,NP,ES,ES-NP-15,9.8,5.8,,,
03/29/2024,28,P,ES,ES-P-15,6.5,5.1,,,
03/30/2024,29,P,ES,ES-P-1,0.6,2.8,25.1,4.1,21
03/30/2024,29,NP,ES,ES-NP-1,1,5.1,26.3,4.5,21.8
03/30/2024,29,NP,ES,ES-NP-2,10.9,5.3,27.3,5.3,22
03/30/2024,29,P,ES,ES-P-2,9.2,5.3,28.6,5.1,23.5
03/30/2024,29,NP,ES,ES-NP-3,4.4,5.1,21.2,4,17.2
03/30/2024,29,P,ES,ES-P-3,11.3,6.5,26.2,4.8,21.4
03/30/2024,29,NP,ES,ES-NP-4,10.1,6.9,32.2,6,26.2
03/30/2024,29,P,ES,ES-P-4,8.8,4.7,32.5,6,26.5
03/30/2024,29,P,ES,ES-P-5,6.2,3.3,30.2,5.8,24.4
03/30/2024,29,NP,ES,ES-NP-5,8.1,5.2,30.8,5.5,25.3
03/30/2024,29,P,ES,ES-P-6,8.5,6.2,30,5.9,24.1
03/30/2024,29,NP,ES,ES-NP-6,7.4,4.2,35.2,7.3,27.9
03/30/2024,29,NP,ES,ES-NP-7,6.9,4.2,25.5,4.4,21.1
03/30/2024,29,P,ES,ES-P-7,8,5.4,30.9,6.1,24.8
03/30/2024,29,NP,ES,ES-NP-8,5.9,5.1,28.3,5.2,23.1
03/30/2024,29,P,ES,ES-P-8,0,2.6,32.9,5.6,27.3
03/30/2024,29,NP,ES,ES-NP-9,1.8,3.3,33,6.5,26.5
03/30/2024,29,P,ES,ES-P-9,0,3.6,29,4.9,24.1
03/30/2024,29,NP,ES,ES-NP-10,3.3,1.5,27.1,4.6,22.5
03/30/2024,29,P,ES,ES-P-10,3.7,2.8,31.7,5.2,26.5
03/30/2024,29,NP,ES,ES-NP-11,9.2,3.9,29,5.1,23.9
03/30/2024,29,P,ES,ES-P-11,5.6,5.1,30,5.1,24.9
03/30/2024,29,P,ES,ES-P-12,6.5,5.2,16,4.3,11.7
03/30/2024,29,NP,ES,ES-NP-12,7.7,5.4,34.9,5.2,29.7
03/30/2024,29,P,ES,ES-P-13,5.5,6.4,26.9,4.9,22
03/30/2024,29,NP,ES,ES-NP-13,9.3,5.1,23.9,5,18.9
03/30/2024,29,NP,ES,ES-NP-14,0,2.5,26.2,4,22.2
03/30/2024,29,P,ES,ES-P-14,8.9,5.1,20.1,3.2,16.9
03/30/2024,29,NP,ES,ES-NP-15,6.2,4.7,28.1,5.1,23
03/30/2024,29,P,ES,ES-P-15,5.4,5.1,33,5.5,27.5
04/01/2024,30,P,ES,ES-P-1,0,1.5,,,
04/01/2024,30,NP,ES,ES-NP-1,0,2.6,,,
04/01/2024,30,NP,ES,ES-NP-2,6.7,3.6,,,
04/01/2024,30,P,ES,ES-P-2,1.8,3.9,,,
04/01/2024,30,NP,ES,ES-NP-3,0,2.8,,,
04/01/2024,30,P,ES,ES-P-3,6.2,3.1,,,
04/01/2024,30,NP,ES,ES-NP-4,5.6,2.9,,,
04/01/2024,30,P,ES,ES-P-4,5.5,2.5,,,
04/01/2024,30,P,ES,ES-P-5,0,2,,,
04/01/2024,30,NP,ES,ES-NP-5,5.2,4.6,,,
04/01/2024,30,P,ES,ES-P-6,0,1.6,,,
04/01/2024,30,NP,ES,ES-NP-6,0,1.5,,,
04/01/2024,30,NP,ES,ES-NP-7,2.6,2.5,,,
04/01/2024,30,P,ES,ES-P-7,5.5,4.1,,,
04/01/2024,30,NP,ES,ES-NP-8,0,2.6,,,
04/01/2024,30,P,ES,ES-P-8,0,1.3,,,
04/01/2024,30,NP,ES,ES-NP-9,0,1.5,,,
04/01/2024,30,P,ES,ES-P-9,0,1.6,,,
04/01/2024,30,NP,ES,ES-NP-10,0,0.8,,,
04/01/2024,30,P,ES,ES-P-10,0,2.3,,,
04/01/2024,30,NP,ES,ES-NP-11,1.2,3.4,,,
04/01/2024,30,P,ES,ES-P-11,0,2.3,,,
04/01/2024,30,P,ES,ES-P-12,0,2.8,,,
04/01/2024,30,NP,ES,ES-NP-12,1.6,3.4,,,
04/01/2024,30,P,ES,ES-P-13,0,1.3,,,
04/01/2024,30,NP,ES,ES-NP-13,1.3,1,,,
04/01/2024,30,NP,ES,ES-NP-14,0,0,,,
04/01/2024,30,P,ES,ES-P-14,0,0,,,
04/01/2024,30,NP,ES,ES-NP-15,0,2.5,,,
04/01/2024,30,P,ES,ES-P-15,0,2.6,,,
04/02/2024,31,P,ES,ES-P-1,23,26.6,24.7,4.1,20.6
04/02/2024,31,NP,ES,ES-NP-1,22.9,24.9,26.3,4.5,21.8
04/02/2024,31,NP,ES,ES-NP-2,25.7,27.5,27.3,5.3,22
04/02/2024,31,P,ES,ES-P-2,28.3,28.6,28.6,5.1,23.5
04/02/2024,31,NP,ES,ES-NP-3,23.6,28.4,21.2,4.2,17
04/02/2024,31,P,ES,ES-P-3,26.2,27.2,25,4.8,20.2
04/02/2024,31,NP,ES,ES-NP-4,26.7,28.2,32.2,6,26.2
04/02/2024,31,P,ES,ES-P-4,27.3,28.5,32.5,6,26.5
04/02/2024,31,P,ES,ES-P-5,24.3,28.3,31.1,6,25.1
04/02/2024,31,NP,ES,ES-NP-5,20.5,28.6,30.8,5.8,25
04/02/2024,31,P,ES,ES-P-6,24.2,26.1,30.1,5.9,24.2
04/02/2024,31,NP,ES,ES-NP-6,25.5,27.5,35.2,7.3,27.9
04/02/2024,31,NP,ES,ES-NP-7,24,27.6,25.2,4.5,20.7
04/02/2024,31,P,ES,ES-P-7,25,25.7,30.9,6.1,24.8
04/02/2024,31,NP,ES,ES-NP-8,22.2,24,29,5.2,23.8
04/02/2024,31,P,ES,ES-P-8,25,25.4,33,6,27
04/02/2024,31,NP,ES,ES-NP-9,24.1,26,33,6.5,26.5
04/02/2024,31,P,ES,ES-P-9,25.6,27.4,30,5,25
04/02/2024,31,NP,ES,ES-NP-10,25.6,26.7,27.2,4.6,22.6
04/02/2024,31,P,ES,ES-P-10,23.6,27.2,32,5.2,26.8
04/02/2024,31,NP,ES,ES-NP-11,22.5,24.7,29.1,5.1,24
04/02/2024,31,P,ES,ES-P-11,25.8,26.7,30,5.1,24.9
04/02/2024,31,P,ES,ES-P-12,24.3,25.8,16.5,4.3,12.2
04/02/2024,31,NP,ES,ES-NP-12,23.7,25.2,33,5.2,27.8
04/02/2024,31,P,ES,ES-P-13,23.6,28.1,26.9,4.9,22
04/02/2024,31,NP,ES,ES-NP-13,24.1,26.6,23.9,5,18.9
04/02/2024,31,NP,ES,ES-NP-14,22.4,26.6,25.9,4,21.9
04/02/2024,31,P,ES,ES-P-14,27.3,27.4,20.2,3.2,17
04/02/2024,31,NP,ES,ES-NP-15,24.7,26,27.9,5.1,22.8
04/02/2024,31,P,ES,ES-P-15,26.6,27.7,30.9,5.4,25.5
04/03/2024,32,P,ES,ES-P-1,23,26.1,,,
04/03/2024,32,NP,ES,ES-NP-1,21.9,25.3,,,
04/03/2024,32,NP,ES,ES-NP-2,25.5,26.1,,,
04/03/2024,32,P,ES,ES-P-2,26.5,26.2,,,
04/03/2024,32,NP,ES,ES-NP-3,21.9,26.6,,,
04/03/2024,32,P,ES,ES-P-3,25.2,27.6,,,
04/03/2024,32,NP,ES,ES-NP-4,24,26.3,,,
04/03/2024,32,P,ES,ES-P-4,22.3,26.3,,,
04/03/2024,32,P,ES,ES-P-5,24.5,27.1,,,
04/03/2024,32,NP,ES,ES-NP-5,21.8,27.6,,,
04/03/2024,32,P,ES,ES-P-6,22.5,24.6,,,
04/03/2024,32,NP,ES,ES-NP-6,24.2,25.5,,,
04/03/2024,32,NP,ES,ES-NP-7,22.6,25.6,,,
04/03/2024,32,P,ES,ES-P-7,23.9,23.1,,,
04/03/2024,32,NP,ES,ES-NP-8,23.2,23.1,,,
04/03/2024,32,P,ES,ES-P-8,24.4,26.4,,,
04/03/2024,32,NP,ES,ES-NP-9,24.8,25.3,,,
04/03/2024,32,P,ES,ES-P-9,24.9,25.5,,,
04/03/2024,32,NP,ES,ES-NP-10,23.6,25.6,,,
04/03/2024,32,P,ES,ES-P-10,23.1,25.9,,,
04/03/2024,32,NP,ES,ES-NP-11,22.8,24,,,
04/03/2024,32,P,ES,ES-P-11,25.2,26,,,
04/03/2024,32,P,ES,ES-P-12,23.1,24.5,,,
04/03/2024,32,NP,ES,ES-NP-12,21.9,25.7,,,
04/03/2024,32,P,ES,ES-P-13,21.1,26.8,,,
04/03/2024,32,NP,ES,ES-NP-13,24.2,23.8,,,
04/03/2024,32,NP,ES,ES-NP-14,22.1,25.5,,,
04/03/2024,32,P,ES,ES-P-14,25,25.2,,,
04/03/2024,32,NP,ES,ES-NP-15,23.7,25.4,,,
04/03/2024,32,P,ES,ES-P-15,23.9,26.6,,,
04/04/2024,33,P,ES,ES-P-1,21.2,24.1,,,
04/04/2024,33,NP,ES,ES-NP-1,19.6,22.7,,,
04/04/2024,33,NP,ES,ES-NP-2,24.1,25,,,
04/04/2024,33,P,ES,ES-P-2,24.6,23.3,,,
04/04/2024,33,NP,ES,ES-NP-3,20.9,24.2,,,
04/04/2024,33,P,ES,ES-P-3,22.9,23.4,,,
04/04/2024,33,NP,ES,ES-NP-4,22.3,23.7,,,
04/04/2024,33,P,ES,ES-P-4,21.4,22.6,,,
04/04/2024,33,P,ES,ES-P-5,23.5,23.2,,,
04/04/2024,33,NP,ES,ES-NP-5,22.3,25,,,
04/04/2024,33,P,ES,ES-P-6,21.9,21.9,,,
04/04/2024,33,NP,ES,ES-NP-6,23.1,24.2,,,
04/04/2024,33,NP,ES,ES-NP-7,21.6,23.9,,,
04/04/2024,33,P,ES,ES-P-7,23.6,21,,,
04/04/2024,33,NP,ES,ES-NP-8,22.6,22.3,,,
04/04/2024,33,P,ES,ES-P-8,23.1,20.8,,,
04/04/2024,33,NP,ES,ES-NP-9,24.3,23.8,,,
04/04/2024,33,P,ES,ES-P-9,21,23,,,
04/04/2024,33,NP,ES,ES-NP-10,22.6,24.1,,,
04/04/2024,33,P,ES,ES-P-10,21.8,22.4,,,
04/04/2024,33,NP,ES,ES-NP-11,24.1,21.6,,,
04/04/2024,33,P,ES,ES-P-11,24.2,24.2,,,
04/04/2024,33,P,ES,ES-P-12,22.1,21.9,,,
04/04/2024,33,NP,ES,ES-NP-12,22.9,22.8,,,
04/04/2024,33,P,ES,ES-P-13,20.3,23.3,,,
04/04/2024,33,NP,ES,ES-NP-13,24.3,21.5,,,
04/04/2024,33,NP,ES,ES-NP-14,22.1,25.2,,,
04/04/2024,33,P,ES,ES-P-14,23.9,22.5,,,
04/04/2024,33,NP,ES,ES-NP-15,22.8,21.5,,,
04/04/2024,33,P,ES,ES-P-15,22.7,23.5,,,
04/05/2024,34,P,ES,ES-P-1,19.3,21.1,24.7,4.1,20.6
04/05/2024,34,NP,ES,ES-NP-1,18.9,19.4,26.3,4.5,21.8
04/05/2024,34,NP,ES,ES-NP-2,23.1,22.7,26.5,4.2,22.3
04/05/2024,34,P,ES,ES-P-2,24.3,20.5,28.1,4.6,23.5
04/05/2024,34,NP,ES,ES-NP-3,17.2,21.4,21.2,3.1,18.1
04/05/2024,34,P,ES,ES-P-3,23.1,20.1,25.2,4.8,20.4
04/05/2024,34,NP,ES,ES-NP-4,21.5,19.7,32.7,6.4,26.3
04/05/2024,34,P,ES,ES-P-4,18.6,19.2,31.9,4.9,27
04/05/2024,34,P,ES,ES-P-5,21.5,19.1,31,5.9,25.1
04/05/2024,34,NP,ES,ES-NP-5,22.4,21.1,30.9,5.9,25
04/05/2024,34,P,ES,ES-P-6,21.2,17.9,31.3,5.9,25.4
04/05/2024,34,NP,ES,ES-NP-6,21,20.1,38.9,7.3,31.6
04/05/2024,34,NP,ES,ES-NP-7,19.3,18.5,25.2,4.5,20.7
04/05/2024,34,P,ES,ES-P-7,20.5,18.5,29.9,5.1,24.8
04/05/2024,34,NP,ES,ES-NP-8,19.9,18.6,29,5.2,23.8
04/05/2024,34,P,ES,ES-P-8,21,19.2,31.9,5.1,26.8
04/05/2024,34,NP,ES,ES-NP-9,21.7,20.5,31.5,5.9,25.6
04/05/2024,34,P,ES,ES-P-9,22.2,18.4,29.9,4.9,25
04/05/2024,34,NP,ES,ES-NP-10,20.3,19.1,27.2,4.6,22.6
04/05/2024,34,P,ES,ES-P-10,21,21.1,30.9,5.9,25
04/05/2024,34,NP,ES,ES-NP-11,22.2,19.4,29.1,4.9,24.2
04/05/2024,34,P,ES,ES-P-11,22.8,20.7,30.1,5.1,25
04/05/2024,34,P,ES,ES-P-12,20.9,18.8,16.5,4.3,12.2
04/05/2024,34,NP,ES,ES-NP-12,18.3,19.6,32.9,5.1,27.8
04/05/2024,34,P,ES,ES-P-13,16.4,21.1,27.3,5,22.3
04/05/2024,34,NP,ES,ES-NP-13,22.3,18.4,24.9,5,19.9
04/05/2024,34,NP,ES,ES-NP-14,21.4,19.6,25.9,6,19.9
04/05/2024,34,P,ES,ES-P-14,21.5,19.8,20.9,3.2,17.7
04/05/2024,34,NP,ES,ES-NP-15,20.5,21.1,28.9,5.1,23.8
04/05/2024,34,P,ES,ES-P-15,20.5,19.6,31.1,5.6,25.5
04/06/2024,35,P,ES,ES-P-1,19,18,,,
04/06/2024,35,NP,ES,ES-NP-1,17.4,15.8,,,
04/06/2024,35,NP,ES,ES-NP-2,22.7,19.2,,,
04/06/2024,35,P,ES,ES-P-2,22.5,18.1,,,
04/06/2024,35,NP,ES,ES-NP-3,15.3,19,,,
04/06/2024,35,P,ES,ES-P-3,20.1,18.3,,,
04/06/2024,35,NP,ES,ES-NP-4,18.7,16.1,,,
04/06/2024,35,P,ES,ES-P-4,16.8,17.6,,,
04/06/2024,35,P,ES,ES-P-5,20.2,17.4,,,
04/06/2024,35,NP,ES,ES-NP-5,21.5,19.3,,,
04/06/2024,35,P,ES,ES-P-6,20,16.6,,,
04/06/2024,35,NP,ES,ES-NP-6,20.2,16.2,,,
04/06/2024,35,NP,ES,ES-NP-7,19.2,14.5,,,
04/06/2024,35,P,ES,ES-P-7,20,16.2,,,
04/06/2024,35,NP,ES,ES-NP-8,19.8,16.7,,,
04/06/2024,35,P,ES,ES-P-8,19.4,18.3,,,
04/06/2024,35,NP,ES,ES-NP-9,17.9,18.5,,,
04/06/2024,35,P,ES,ES-P-9,19.9,17.5,,,
04/06/2024,35,NP,ES,ES-NP-10,18.5,17.2,,,
04/06/2024,35,P,ES,ES-P-10,19.4,17.6,,,
04/06/2024,35,NP,ES,ES-NP-11,21.6,16.4,,,
04/06/2024,35,P,ES,ES-P-11,21.6,18,,,
04/06/2024,35,P,ES,ES-P-12,17.3,14.8,,,
04/06/2024,35,NP,ES,ES-NP-12,15.9,16.6,,,
04/06/2024,35,P,ES,ES-P-13,14,17.5,,,
04/06/2024,35,NP,ES,ES-NP-13,21.2,16.2,,,
04/06/2024,35,NP,ES,ES-NP-14,18,17.8,,,
04/06/2024,35,P,ES,ES-P-14,20.1,16,,,
04/06/2024,35,NP,ES,ES-NP-15,18.7,18.3,,,
04/06/2024,35,P,ES,ES-P-15,18.3,15.8,,,
04/07/2024,36,P,ES,ES-P-1,16.5,14.2,,,
04/07/2024,36,NP,ES,ES-NP-1,16.8,13.9,,,
04/07/2024,36,NP,ES,ES-NP-2,21.6,15.6,,,
04/07/2024,36,P,ES,ES-P-2,20.4,16.4,,,
04/07/2024,36,NP,ES,ES-NP-3,12.9,15.2,,,
04/07/2024,36,P,ES,ES-P-3,18.7,14.6,,,
04/07/2024,36,NP,ES,ES-NP-4,18.8,14.5,,,
04/07/2024,36,P,ES,ES-P-4,13.8,13.6,,,
04/07/2024,36,P,ES,ES-P-5,18.9,13,,,
04/07/2024,36,NP,ES,ES-NP-5,20.8,15.6,,,
04/07/2024,36,P,ES,ES-P-6,17.4,13.3,,,
04/07/2024,36,NP,ES,ES-NP-6,17.8,14.5,,,
04/07/2024,36,NP,ES,ES-NP-7,17.5,12.8,,,
04/07/2024,36,P,ES,ES-P-7,17,13.3,,,
04/07/2024,36,NP,ES,ES-NP-8,18.1,13.6,,,
04/07/2024,36,P,ES,ES-P-8,17.4,13.2,,,
04/07/2024,36,NP,ES,ES-NP-9,19.4,13.9,,,
04/07/2024,36,P,ES,ES-P-9,18.8,14.8,,,
04/07/2024,36,NP,ES,ES-NP-10,17.1,13.4,,,
04/07/2024,36,P,ES,ES-P-10,17.5,14.9,,,
04/07/2024,36,NP,ES,ES-NP-11,20.1,14.7,,,
04/07/2024,36,P,ES,ES-P-11,16.5,13,,,
04/07/2024,36,P,ES,ES-P-12,13.2,11.5,,,
04/07/2024,36,NP,ES,ES-NP-12,13.7,15,,,
04/07/2024,36,P,ES,ES-P-13,13.1,15.4,,,
04/07/2024,36,NP,ES,ES-NP-13,18.9,12.9,,,
04/07/2024,36,NP,ES,ES-NP-14,17.2,14.2,,,
04/07/2024,36,P,ES,ES-P-14,17.3,14.8,,,
04/07/2024,36,NP,ES,ES-NP-15,16.6,14.7,,,
04/07/2024,36,P,ES,ES-P-15,14.7,13.2,,,
04/08/2024,37,P,ES,ES-P-1,13.1,10.4,24.7,4.1,20.6
04/08/2024,37,NP,ES,ES-NP-1,12.1,11.1,16.5,3.5,13
04/08/2024,37,NP,ES,ES-NP-2,19.8,12.7,25.5,4.2,21.3
04/08/2024,37,P,ES,ES-P-2,16.5,13.3,28.5,5,23.5
04/08/2024,37,NP,ES,ES-NP-3,9.7,11.8,21.2,3.1,18.1
04/08/2024,37,P,ES,ES-P-3,17.6,12.6,25.3,4.8,20.5
04/08/2024,37,NP,ES,ES-NP-4,14.3,13,33.2,6.4,26.8
04/08/2024,37,P,ES,ES-P-4,12.5,1.1,31.9,4.9,27
04/08/2024,37,P,ES,ES-P-5,14.4,11.9,31,5.9,25.1
04/08/2024,37,NP,ES,ES-NP-5,17.9,12.4,31.9,6,25.9
04/08/2024,37,P,ES,ES-P-6,15.2,12.4,31.9,6,25.9
04/08/2024,37,NP,ES,ES-NP-6,15.5,11.7,38.9,7.3,31.6
04/08/2024,37,NP,ES,ES-NP-7,14.1,9.1,25.2,4,21.2
04/08/2024,37,P,ES,ES-P-7,15.9,10.5,30.2,5.1,25.1
04/08/2024,37,NP,ES,ES-NP-8,16.1,10.7,29,5.2,23.8
04/08/2024,37,P,ES,ES-P-8,15.2,10.3,29,5,24
04/08/2024,37,NP,ES,ES-NP-9,16.4,11.9,30.1,5.5,24.6
04/08/2024,37,P,ES,ES-P-9,15.4,10.6,29.9,4.9,25
04/08/2024,37,NP,ES,ES-NP-10,13.6,9.7,26,4.6,21.4
04/08/2024,37,P,ES,ES-P-10,14,11.3,30.9,5.9,25
04/08/2024,37,NP,ES,ES-NP-11,16.2,11.2,29.5,4.9,24.6
04/08/2024,37,P,ES,ES-P-11,16.1,11.7,30.1,5.1,25
04/08/2024,37,P,ES,ES-P-12,11.1,9.6,16.5,4.3,12.2
04/08/2024,37,NP,ES,ES-NP-12,10.5,11.4,33.5,5.1,28.4
04/08/2024,37,P,ES,ES-P-13,10.5,12.2,28.2,5,23.2
04/08/2024,37,NP,ES,ES-NP-13,16.5,10.5,26.5,5,21.5
04/08/2024,37,NP,ES,ES-NP-14,16.4,11.4,25.9,6,19.9
04/08/2024,37,P,ES,ES-P-14,15.8,12.7,22.2,4.9,17.3
04/08/2024,37,NP,ES,ES-NP-15,14.6,13.6,28,5,23
04/08/2024,37,P,ES,ES-P-15,13.6,10.2,30.5,5.1,25.4
04/09/2024,38,P,ES,ES-P-1,11.3,7.4,,,
04/09/2024,38,NP,ES,ES-NP-1,9.9,9.2,,,
04/09/2024,38,NP,ES,ES-NP-2,17.3,10.6,,,
04/09/2024,38,P,ES,ES-P-2,15.5,10.5,,,
04/09/2024,38,NP,ES,ES-NP-3,6.1,8.5,,,
04/09/2024,38,P,ES,ES-P-3,16.4,10.9,,,
04/09/2024,38,NP,ES,ES-NP-4,14.3,10.7,,,
04/09/2024,38,P,ES,ES-P-4,10.9,9.7,,,
04/09/2024,38,P,ES,ES-P-5,12.7,8.7,,,
04/09/2024,38,NP,ES,ES-NP-5,14.7,10.6,,,
04/09/2024,38,P,ES,ES-P-6,14.4,9.4,,,
04/09/2024,38,NP,ES,ES-NP-6,12.3,9.1,,,
04/09/2024,38,NP,ES,ES-NP-7,10.4,5.9,,,
04/09/2024,38,P,ES,ES-P-7,12,8.7,,,
04/09/2024,38,NP,ES,ES-NP-8,13.8,8.6,,,
04/09/2024,38,P,ES,ES-P-8,12.3,6.7,,,
04/09/2024,38,NP,ES,ES-NP-9,9.1,8.9,,,
04/09/2024,38,P,ES,ES-P-9,12.3,7.4,,,
04/09/2024,38,NP,ES,ES-NP-10,10.6,7.4,,,
04/09/2024,38,P,ES,ES-P-10,11.8,9.2,,,
04/09/2024,38,NP,ES,ES-NP-11,12.4,8.7,,,
04/09/2024,38,P,ES,ES-P-11,13.4,8.4,,,
04/09/2024,38,P,ES,ES-P-12,8.8,6,,,
04/09/2024,38,NP,ES,ES-NP-12,8.6,8.9,,,
04/09/2024,38,P,ES,ES-P-13,9,10.1,,,
04/09/2024,38,NP,ES,ES-NP-13,13.4,8.4,,,
04/09/2024,38,NP,ES,ES-NP-14,12.8,8.9,,,
04/09/2024,38,P,ES,ES-P-14,12.9,10.4,,,
04/09/2024,38,NP,ES,ES-NP-15,12.8,9.9,,,
04/09/2024,38,P,ES,ES-P-15,10.5,7.6,,,
04/10/2024,39,P,ES,ES-P-1,8.9,5.1,,,
04/10/2024,39,NP,ES,ES-NP-1,8.1,6.9,,,
04/10/2024,39,NP,ES,ES-NP-2,15.2,8.5,,,
04/10/2024,39,P,ES,ES-P-2,10.5,8.1,,,
04/10/2024,39,NP,ES,ES-NP-3,5.2,5.4,,,
04/10/2024,39,P,ES,ES-P-3,11.6,7.4,,,
04/10/2024,39,NP,ES,ES-NP-4,10.8,7.5,,,
04/10/2024,39,P,ES,ES-P-4,8.7,5.9,,,
04/10/2024,39,P,ES,ES-P-5,10.2,5.3,,,
04/10/2024,39,NP,ES,ES-NP-5,12.2,7.3,,,
04/10/2024,39,P,ES,ES-P-6,9.5,6.5,,,
04/10/2024,39,NP,ES,ES-NP-6,9.9,5.9,,,
04/10/2024,39,NP,ES,ES-NP-7,8.5,2.1,,,
04/10/2024,39,P,ES,ES-P-7,9.4,5.2,,,
04/10/2024,39,NP,ES,ES-NP-8,11.1,5.6,,,
04/10/2024,39,P,ES,ES-P-8,10.1,1.2,,,
04/10/2024,39,NP,ES,ES-NP-9,9.2,6.1,,,
04/10/2024,39,P,ES,ES-P-9,9.5,5.7,,,
04/10/2024,39,NP,ES,ES-NP-10,8.4,4.4,,,
04/10/2024,39,P,ES,ES-P-10,9.1,5.7,,,
04/10/2024,39,NP,ES,ES-NP-11,10.8,6,,,
04/10/2024,39,P,ES,ES-P-11,10.1,5.3,,,
04/10/2024,39,P,ES,ES-P-12,5.2,0,,,
04/10/2024,39,NP,ES,ES-NP-12,6.5,6.3,,,
04/10/2024,39,P,ES,ES-P-13,5.1,5.6,,,
04/10/2024,39,NP,ES,ES-NP-13,10,5.3,,,
04/10/2024,39,NP,ES,ES-NP-14,9.5,5.3,,,
04/10/2024,39,P,ES,ES-P-14,10.9,7.3,,,
04/10/2024,39,NP,ES,ES-NP-15,9.5,6.4,,,
04/10/2024,39,P,ES,ES-P-15,8.4,2.5,,,
04/11/2024,40,P,ES,ES-P-1,6,2.6,,,
04/11/2024,40,NP,ES,ES-NP-1,5.3,5.3,,,
04/11/2024,40,NP,ES,ES-NP-2,11.4,6.5,,,
04/11/2024,40,P,ES,ES-P-2,9.5,5.7,,,
04/11/2024,40,NP,ES,ES-NP-3,3.7,2.1,,,
04/11/2024,40,P,ES,ES-P-3,9.4,5.8,,,
04/11/2024,40,NP,ES,ES-NP-4,7.7,5.4,,,
04/11/2024,40,P,ES,ES-P-4,2.8,4.1,,,
04/11/2024,40,P,ES,ES-P-5,8.5,2.8,,,
04/11/2024,40,NP,ES,ES-NP-5,9.5,4.6,,,
04/11/2024,40,P,ES,ES-P-6,4.7,5.1,,,
04/11/2024,40,NP,ES,ES-NP-6,7.6,4.4,,,
04/11/2024,40,NP,ES,ES-NP-7,5.4,0,,,
04/11/2024,40,P,ES,ES-P-7,7.7,3.3,,,
04/11/2024,40,NP,ES,ES-NP-8,9.4,3.3,,,
04/11/2024,40,P,ES,ES-P-8,7.1,0,,,
04/11/2024,40,NP,ES,ES-NP-9,5.9,5.1,,,
04/11/2024,40,P,ES,ES-P-9,7.8,2.1,,,
04/11/2024,40,NP,ES,ES-NP-10,8.2,0,,,
04/11/2024,40,P,ES,ES-P-10,5.3,0,,,
04/11/2024,40,NP,ES,ES-NP-11,8,1.2,,,
04/11/2024,40,P,ES,ES-P-11,8.8,4.4,,,
04/11/2024,40,P,ES,ES-P-12,3.4,0,,,
04/11/2024,40,NP,ES,ES-NP-12,5.8,1.3,,,
04/11/2024,40,P,ES,ES-P-13,5.4,2.8,,,
04/11/2024,40,NP,ES,ES-NP-13,7.8,0,,,
04/11/2024,40,NP,ES,ES-NP-14,7,1,,,
04/11/2024,40,P,ES,ES-P-14,9.2,1.6,,,
04/11/2024,40,NP,ES,ES-NP-15,5.3,1.2,,,
04/11/2024,40,P,ES,ES-P-15,5.4,0,,,
04/12/2024,41,P,ES,ES-P-1,5.5,1.6,24.7,4.7,20
04/12/2024,41,NP,ES,ES-NP-1,5.5,2.8,15.1,2.5,12.6
04/12/2024,41,NP,ES,ES-NP-2,9,1,25.1,3.9,21.2
04/12/2024,41,P,ES,ES-P-2,7.3,3.3,28.1,4.5,23.6
04/12/2024,41,NP,ES,ES-NP-3,4.2,0,22.6,3.9,18.7
04/12/2024,41,P,ES,ES-P-3,7.4,0,27.1,5.5,21.6
04/12/2024,41,NP,ES,ES-NP-4,5.1,0,33.5,6.5,27
04/12/2024,41,P,ES,ES-P-4,4.2,0,33.5,5,28.5
04/12/2024,41,P,ES,ES-P-5,8.3,0,31,5.9,25.1
04/12/2024,41,NP,ES,ES-NP-5,9.2,2.1,30.9,5.9,25
04/12/2024,41,P,ES,ES-P-6,5.5,0.8,32.5,6.3,26.2
04/12/2024,41,NP,ES,ES-NP-6,6,0,39.1,7.3,31.8
04/12/2024,41,NP,ES,ES-NP-7,5.3,0,25.3,4.1,21.2
04/12/2024,41,P,ES,ES-P-7,5.1,0,30.9,5.3,25.6
04/12/2024,41,NP,ES,ES-NP-8,6.1,0,27.5,5.3,22.2
04/12/2024,41,P,ES,ES-P-8,5.5,0,29,5,24
04/12/2024,41,NP,ES,ES-NP-9,8.1,1.2,30,5.5,24.5
04/12/2024,41,P,ES,ES-P-9,6.5,0,30,5,25
04/12/2024,41,NP,ES,ES-NP-10,8.4,0,20,4.3,15.7
04/12/2024,41,P,ES,ES-P-10,1.5,0,30.9,5.9,25
04/12/2024,41,NP,ES,ES-NP-11,5.3,0,29.5,4.9,24.6
04/12/2024,41,P,ES,ES-P-11,5.3,0,30.1,5.1,25
04/12/2024,41,P,ES,ES-P-12,0,0,16.5,4.3,12.2
04/12/2024,41,NP,ES,ES-NP-12,1.2,0,32.2,4.9,27.3
04/12/2024,41,P,ES,ES-P-13,0,0,29,5,24
04/12/2024,41,NP,ES,ES-NP-13,5.1,0,26.5,5,21.5
04/12/2024,41,NP,ES,ES-NP-14,3.9,0,25.9,6,19.9
04/12/2024,41,P,ES,ES-P-14,6.6,0,22.2,4.9,17.3
04/12/2024,41,NP,ES,ES-NP-15,2.6,0,27.5,4.5,23
04/12/2024,41,P,ES,ES-P-15,2.1,0,16.5,4.5,12
04/14/2024,43,P,ES,ES-P-1,0,1.2,,,
04/14/2024,43,NP,ES,ES-NP-1,0,0,,,
04/14/2024,43,NP,ES,ES-NP-2,2.9,2.1,,,
04/14/2024,43,P,ES,ES-P-2,5.1,2.3,,,
04/14/2024,43,NP,ES,ES-NP-3,0,1.2,,,
04/14/2024,43,P,ES,ES-P-3,3.6,2.8,,,
04/14/2024,43,NP,ES,ES-NP-4,0,3.3,,,
04/14/2024,43,P,ES,ES-P-4,0,0,,,
04/14/2024,43,P,ES,ES-P-5,5.8,0,,,
04/14/2024,43,NP,ES,ES-NP-5,5.1,2.8,,,
04/14/2024,43,P,ES,ES-P-6,0,2.6,,,
04/14/2024,43,NP,ES,ES-NP-6,0,2.6,,,
04/14/2024,43,NP,ES,ES-NP-7,1.6,1.2,,,
04/14/2024,43,P,ES,ES-P-7,1.8,2.3,,,
04/14/2024,43,NP,ES,ES-NP-8,1.2,1.8,,,
04/14/2024,43,P,ES,ES-P-8,0,1.5,,,
04/14/2024,43,NP,ES,ES-NP-9,0,1.6,,,
04/14/2024,43,P,ES,ES-P-9,0,2,,,
04/14/2024,43,NP,ES,ES-NP-10,0,1.5,,,
04/14/2024,43,P,ES,ES-P-10,0,2,,,
04/14/2024,43,NP,ES,ES-NP-11,0,2.5,,,
04/14/2024,43,P,ES,ES-P-11,6.3,3.6,,,
04/14/2024,43,P,ES,ES-P-12,0,1.2,,,
04/14/2024,43,NP,ES,ES-NP-12,0,2.3,,,
04/14/2024,43,P,ES,ES-P-13,0,2.8,,,
04/14/2024,43,NP,ES,ES-NP-13,0,1.2,,,
04/14/2024,43,NP,ES,ES-NP-14,2.6,1.2,,,
04/14/2024,43,P,ES,ES-P-14,5.1,2.6,,,
04/14/2024,43,NP,ES,ES-NP-15,0,2.6,,,
04/14/2024,43,P,ES,ES-P-15,2,1.8,,,
04/15/2024,44,P,ES,ES-P-1,0,0,,,
04/15/2024,44,NP,ES,ES-NP-1,0,0,,,
04/15/2024,44,NP,ES,ES-NP-2,0,1.3,,,
04/15/2024,44,P,ES,ES-P-2,1,1.8,,,
04/15/2024,44,NP,ES,ES-NP-3,0,0,,,
04/15/2024,44,P,ES,ES-P-3,1.3,1.6,,,
04/15/2024,44,NP,ES,ES-NP-4,0,1.8,,,
04/15/2024,44,P,ES,ES-P-4,0,0,,,
04/15/2024,44,P,ES,ES-P-5,1.8,0,,,
04/15/2024,44,NP,ES,ES-NP-5,5.3,1,,,
04/15/2024,44,P,ES,ES-P-6,0,0,,,
04/15/2024,44,NP,ES,ES-NP-6,0,1.5,,,
04/15/2024,44,NP,ES,ES-NP-7,0,0.8,,,
04/15/2024,44,P,ES,ES-P-7,0,1.2,,,
04/15/2024,44,NP,ES,ES-NP-8,0,1.2,,,
04/15/2024,44,P,ES,ES-P-8,0,0,,,
04/15/2024,44,NP,ES,ES-NP-9,0,1.3,,,
04/15/2024,44,P,ES,ES-P-9,0,1,,,
04/15/2024,44,NP,ES,ES-NP-10,0,1.2,,,
04/15/2024,44,P,ES,ES-P-10,0,1,,,
04/15/2024,44,NP,ES,ES-NP-11,0,1.3,,,
04/15/2024,44,P,ES,ES-P-11,0,1.3,,,
04/15/2024,44,P,ES,ES-P-12,0,1,,,
04/15/2024,44,NP,ES,ES-NP-12,0,1.3,,,
04/15/2024,44,P,ES,ES-P-13,0,1,,,
04/15/2024,44,NP,ES,ES-NP-13,0,1.3,,,
04/15/2024,44,NP,ES,ES-NP-14,0,0.8,,,
04/15/2024,44,P,ES,ES-P-14,1.8,1.3,,,
04/15/2024,44,NP,ES,ES-NP-15,0,1.2,,,
04/15/2024,44,P,ES,ES-P-15,0,1,,,